epoch,update_batch_id,sample_in_batch_id,advantage_value,policy_ratio_value,clipped_surrogate_objective_value
1,1,0,-0.0728475,1.1086676,0.08076367
1,1,1,1.7668055,0.94304776,-1.666182
1,1,2,1.4751366,1.2004155,-1.770164
1,1,3,1.8654765,1.2713885,-2.238572
1,1,4,0.8846999,1.2027234,-1.0616399
1,1,5,0.77058464,1.1348917,-0.87453014
1,1,6,0.45620203,1.1578411,-0.52820945
1,1,7,1.096778,0.8440585,-0.92574483
1,1,8,0.39522508,1.1780509,-0.46559525
1,1,9,0.38961884,0.8142,-0.31722766
1,1,10,0.09574123,1.0432631,-0.09988329
1,1,11,0.82165956,1.2086312,-0.98599154
1,1,12,1.1655777,1.2764776,-1.3986932
1,1,13,0.6773558,1.2047564,-0.81282705
1,1,14,0.88895667,1.2398857,-1.066748
1,1,15,0.027917894,0.77285653,-0.021576526
1,1,16,0.4094507,0.7773445,-0.31828427
1,1,17,0.59642434,1.0834895,-0.64621955
1,1,18,1.517379,1.3543541,-1.8208549
1,1,19,1.2797812,1.0365503,-1.3265576
1,1,20,0.67871153,1.2222042,-0.8144539
1,1,21,-0.108892374,0.94150823,0.102523066
1,1,22,-0.71821517,0.8102455,0.58193064
1,1,23,-1.0375056,0.98155576,1.0183697
1,1,24,-1.4639871,0.58896494,1.1711897
1,1,25,-1.431343,0.79456633,1.1450744
1,1,26,-1.4795741,0.7245313,1.1836593
1,1,27,-1.4365501,0.7503497,1.1492401
1,1,28,-1.2522289,0.6256563,1.0017831
1,1,29,-0.44769895,0.7423428,0.35815915
1,1,30,-0.5390098,0.69776505,0.43120787
1,1,31,-0.5760045,0.8469474,0.4878455
1,1,32,-0.8634745,1.047028,0.90408194
1,1,33,-1.2842882,0.6960535,1.0274305
1,1,34,-1.2705406,0.74816513,1.0164325
1,1,35,-1.0547837,1.1226516,1.1841546
1,1,36,-0.70719767,1.0201522,0.72144926
1,1,37,-0.4474632,0.8395465,0.37566617
1,1,38,-0.3436739,0.78994936,0.27493915
1,1,39,-0.724205,0.69354963,0.579364
2,2,0,-1.4910163,0.53929955,1.192813
2,2,1,-1.8451433,0.4176316,1.4761146
2,2,2,-1.6339892,0.7908982,1.3071914
2,2,3,-1.6884658,0.7884399,1.3507727
2,2,4,-2.021438,0.6966733,1.6171503
2,2,5,-1.1878096,0.80004805,0.95030475
2,2,6,-0.5880339,1.1162745,0.65640724
2,2,7,-1.1310018,0.42001534,0.9048015
2,2,8,-1.1250536,0.6095623,0.90004295
2,2,9,-1.0626148,0.8307202,0.88273555
2,2,10,-1.2652204,0.79710835,1.0121764
2,2,11,-0.9502418,0.94211334,0.8952355
2,2,12,-0.47354987,0.66113615,0.3788399
2,2,13,0.4877612,1.1169955,-0.54482704
2,2,14,0.65925825,1.4524738,-0.7911099
2,2,15,0.9398269,0.9321123,-0.8760242
2,2,16,-0.0892849,1.2473813,0.111372314
2,2,17,-0.093032025,0.70268244,0.07442562
2,2,18,0.28042006,1.3905356,-0.3365041
2,2,19,0.4097498,2.156795,-0.49169978
2,2,20,0.30518183,0.7747391,-0.23643629
2,2,21,0.32270637,1.5682071,-0.38724765
2,2,22,1.1124359,1.0798756,-1.2012924
2,2,23,0.7333275,1.0975082,-0.80483294
2,2,24,1.2750497,1.2133026,-1.5300597
2,2,25,1.254179,1.7572956,-1.5050149
2,2,26,0.88462275,1.1992209,-1.0608581
2,2,27,0.47979262,1.132672,-0.5434477
2,2,28,-0.092001,0.74094015,0.0736008
2,2,29,0.16002028,0.9781357,-0.15652154
2,2,30,0.24652226,1.1305094,-0.27869573
2,2,31,0.44014737,1.2124565,-0.52817684
2,2,32,0.07049106,1.4616051,-0.08458927
2,2,33,0.5783313,0.9816878,-0.56774074
2,2,34,0.5877177,1.1543388,-0.6784254
2,2,35,1.2956619,1.087054,-1.4084545
2,2,36,1.4843987,0.93816614,-1.3926126
2,2,37,1.3266038,2.1835907,-1.5919245
2,2,38,0.7397605,1.3272475,-0.88771266
2,2,39,0.66392505,1.0467135,-0.6949393
3,3,0,1.291019,1.1929307,-1.5400962
3,3,1,1.3095319,1.1918135,-1.5607178
3,3,2,1.3696142,1.0696279,-1.4649776
3,3,3,0.83160406,1.1876081,-0.98761976
3,3,4,1.1394197,1.4187771,-1.3673036
3,3,5,1.3119622,1.4237509,-1.5743548
3,3,6,1.3645085,1.1955582,-1.6313493
3,3,7,1.3247823,0.97246313,-1.288302
3,3,8,1.3211733,0.9961883,-1.3161373
3,3,9,0.66295034,1.0606195,-0.70313805
3,3,10,0.20558265,1.2300357,-0.24669918
3,3,11,0.22469717,1.2406706,-0.26963663
3,3,12,0.06308494,0.9796604,-0.061801814
3,3,13,0.09119513,0.7458516,-0.068018034
3,3,14,-0.015039096,1.0812485,0.016261
3,3,15,-0.21850567,0.86264974,0.18849386
3,3,16,0.03444736,1.2042935,-0.041336834
3,3,17,0.37649506,0.8725995,-0.3285294
3,3,18,-0.052080616,0.9167375,0.047744256
3,3,19,-0.12091207,0.82705534,0.10000097
3,3,20,-0.2808801,1.0023211,0.28153205
3,3,21,0.53369886,0.8071546,-0.4307775
3,3,22,1.1671947,1.2342012,-1.4006337
3,3,23,1.0915933,1.1828461,-1.2911868
3,3,24,0.35847962,1.5690157,-0.43017557
3,3,25,0.16706608,0.6865398,-0.114697516
3,3,26,-0.06775801,0.71861976,0.05420641
3,3,27,-0.2828558,0.28735787,0.22628465
3,3,28,-0.474582,0.6196789,0.37966558
3,3,29,-0.86496586,0.79512936,0.6919727
3,3,30,-0.9900255,0.42125547,0.79202044
3,3,31,-1.4128232,0.6095047,1.1302586
3,3,32,-1.1654942,0.6734565,0.9323954
3,3,33,-1.2957397,0.46507934,1.0365918
3,3,34,-1.5500288,0.64923185,1.240023
3,3,35,-1.7697269,0.578587,1.4157815
3,3,36,-1.3752112,0.46030408,1.1001691
3,3,37,-1.139612,0.2934721,0.9116896
3,3,38,-1.7254398,0.6516635,1.3803519
3,3,39,-1.4384216,0.81165284,1.167499
4,4,0,0.7384113,1.2846807,-0.8860936
4,4,1,1.5532542,0.82161224,-1.2761728
4,4,2,0.878611,1.205809,-1.0543333
4,4,3,1.0152384,1.3244184,-1.2182862
4,4,4,0.47216284,1.3207039,-0.56659544
4,4,5,0.33709392,0.86260897,-0.29078025
4,4,6,0.4164508,1.0353901,-0.43118906
4,4,7,0.11610209,1.5746243,-0.13932252
4,4,8,0.4744134,0.76658916,-0.36368015
4,4,9,-0.17891791,1.0243852,0.18328087
4,4,10,-0.06392014,0.8458198,0.05406492
4,4,11,-0.06577298,0.795777,0.052618384
4,4,12,-0.5791796,0.56731904,0.46334368
4,4,13,-0.7203023,0.8064721,0.5809037
4,4,14,-0.30930024,0.8196403,0.25351495
4,4,15,0.41615173,0.8117438,-0.33780858
4,4,16,0.9530906,0.95430315,-0.9095374
4,4,17,1.3284602,1.1938019,-1.5859183
4,4,18,1.4917738,1.2385373,-1.7901287
4,4,19,1.2867333,1.1937735,-1.5360681
4,4,20,1.02826,1.2063429,-1.233912
4,4,21,0.50786555,0.73815584,-0.37488392
4,4,22,0.15945517,2.4166687,-0.19134621
4,4,23,0.17038843,1.2192984,-0.20446612
4,4,24,0.25498837,0.54754263,-0.13961701
4,4,25,0.26306632,1.2266309,-0.3156796
4,4,26,0.893769,1.1973088,-1.0701175
4,4,27,0.54628855,1.5217875,-0.6555463
4,4,28,0.5651232,1.2589296,-0.67814785
4,4,29,-0.13254528,0.81469244,0.107983634
4,4,30,-0.46391848,0.59693485,0.3711348
4,4,31,-0.1286944,1.2557627,0.16160962
4,4,32,-1.0960993,0.81550944,0.8938793
4,4,33,-1.7455646,0.50775254,1.3964517
4,4,34,-1.6321115,0.79135484,1.3056892
4,4,35,-1.5510582,0.44856077,1.2408465
4,4,36,-1.6296667,0.8067619,1.314753
4,4,37,-1.9091285,0.7851611,1.5273029
4,4,38,-2.2068288,0.31473148,1.7654631
4,4,39,-1.454143,0.79021984,1.1633145
5,5,0,0.20091383,2.1977952,-0.2410966
5,5,1,0.1932825,1.3077881,-0.231939
5,5,2,0.5402367,0.725279,-0.39182234
5,5,3,0.7722651,1.4973031,-0.9267181
5,5,4,0.59961295,0.990161,-0.59371334
5,5,5,0.023432141,0.6215279,-0.01456373
5,5,6,-0.37156123,1.1694962,0.43453944
5,5,7,-1.0927331,0.8016523,0.87599206
5,5,8,-0.21063739,1.1661155,0.24562754
5,5,9,-0.14106146,0.6201963,0.11284917
5,5,10,0.2519241,0.865716,-0.21809472
5,5,11,0.75881946,1.200008,-0.9105834
5,5,12,0.6956381,1.3960739,-0.8347658
5,5,13,1.0584197,1.1373351,-1.2037778
5,5,14,0.99165416,1.1984698,-1.1884675
5,5,15,1.6987063,1.0757428,-1.8273711
5,5,16,1.9134216,1.460799,-2.296106
5,5,17,1.3397495,1.1740905,-1.5729871
5,5,18,1.5876312,1.1921921,-1.8927613
5,5,19,1.5190028,1.0105637,-1.5350491
5,5,20,1.1368043,1.0605171,-1.2056004
5,5,21,0.77530193,1.0083909,-0.7818074
5,5,22,-0.29977688,0.85703164,0.25691828
5,5,23,-0.061332587,1.1016144,0.06756486
5,5,24,-0.18413144,0.9610738,0.17696391
5,5,25,0.22600777,1.1852733,-0.26788098
5,5,26,0.36422887,1.1948327,-0.43519256
5,5,27,-0.23791982,0.5853338,0.19033585
5,5,28,-0.95418197,1.0226251,0.9757704
5,5,29,-0.5088967,0.37138334,0.40711737
5,5,30,-0.9395385,0.7761438,0.7516308
5,5,31,-1.1771481,0.688652,0.9417185
5,5,32,-1.2652702,0.75601393,1.0122162
5,5,33,-1.6646501,0.6035182,1.3317201
5,5,34,-1.6905787,0.71250165,1.352463
5,5,35,-1.4341666,0.59757507,1.1473333
5,5,36,-0.9882838,0.7975395,0.79062706
5,5,37,-1.2054775,0.7994005,0.964382
5,5,38,-1.1384444,0.6882436,0.9107556
5,5,39,-1.0812618,0.7787956,0.8650094
6,6,0,-2.1437187,0.7747956,1.714975
6,6,1,-1.6747583,0.72968864,1.3398067
6,6,2,-2.153507,0.5213619,1.7228056
6,6,3,-1.8212266,0.8160793,1.4862653
6,6,4,-2.344436,0.48739803,1.8755487
6,6,5,-1.722422,0.83455855,1.437462
6,6,6,-1.1654924,0.8971588,1.0456318
6,6,7,-1.637656,0.79397154,1.3101248
6,6,8,-0.53232366,0.8235301,0.43838453
6,6,9,-0.18763389,0.73562557,0.15010712
6,6,10,0.022516476,0.9239139,-0.020803286
6,6,11,-0.052895237,0.9149754,0.04839784
6,6,12,0.44007716,0.94611555,-0.41636384
6,6,13,0.72460264,1.021426,-0.7401279
6,6,14,0.23253438,0.94551545,-0.21986485
6,6,15,0.51789564,0.727022,-0.37652153
6,6,16,0.2201048,1.1538532,-0.25396863
6,6,17,-0.2674064,0.5172212,0.21392512
6,6,18,0.8677281,1.6792668,-1.0412738
6,6,19,0.26232708,0.87771314,-0.23024791
6,6,20,0.36131275,0.7874623,-0.28452018
6,6,21,0.5489189,1.1949358,-0.65592283
6,6,22,0.2668082,1.0095359,-0.26935247
6,6,23,0.59634316,1.0746644,-0.6408687
6,6,24,0.80251944,1.1770267,-0.9445869
6,6,25,0.38066366,1.0736445,-0.40869746
6,6,26,0.450429,0.8399964,-0.37835872
6,6,27,0.45573908,0.9687968,-0.44151855
6,6,28,0.31452316,1.3102987,-0.37742782
6,6,29,0.7761747,1.316699,-0.9314097
6,6,30,0.50691605,1.1821469,-0.59924924
6,6,31,0.78386545,0.8367104,-0.65586835
6,6,32,0.86626756,1.2375319,-1.0395211
6,6,33,0.9438447,1.2179949,-1.1326137
6,6,34,0.6005836,1.3097146,-0.7207004
6,6,35,0.4560446,0.86531025,-0.3946201
6,6,36,0.5944332,1.1000911,-0.65393066
6,6,37,0.8619284,1.2604667,-1.0343142
6,6,38,0.6145508,0.9035615,-0.55528444
6,6,39,1.2338197,1.2333417,-1.4805837
7,7,0,-0.8420552,0.83378524,0.7020932
7,7,1,-1.6561321,0.619385,1.3249058
7,7,2,-1.4428946,0.8216591,1.1855675
7,7,3,-1.9314368,0.7617167,1.5451494
7,7,4,-1.4442654,0.8055401,1.1634136
7,7,5,-0.7152648,0.72865456,0.57221186
7,7,6,-0.7313954,1.1813602,0.86404145
7,7,7,-0.9313439,0.9809543,0.9136058
7,7,8,0.6625086,1.5647085,-0.7950104
7,7,9,0.33721226,0.7249768,-0.24447106
7,7,10,0.5944554,1.0130619,-0.6022201
7,7,11,0.76175773,0.786105,-0.5988215
7,7,12,-0.009933243,0.9901844,0.009835742
7,7,13,0.06841435,0.9174562,-0.06276717
7,7,14,1.3463666,1.1743442,-1.5810978
7,7,15,1.5326647,1.2267239,-1.8391976
7,7,16,0.31018096,1.1007328,-0.34142637
7,7,17,-0.12397355,1.146831,0.14217672
7,7,18,-1.0478202,1.0718555,1.1231118
7,7,19,-2.3540828,0.80801255,1.9021285
7,7,20,-0.8793877,0.8399171,0.7386128
7,7,21,-0.24713624,0.78173375,0.197709
7,7,22,0.116793424,1.2143916,-0.14015211
7,7,23,1.0735399,1.9114096,-1.2882478
7,7,24,0.7954129,1.253698,-0.9544955
7,7,25,1.7665653,1.2090421,-2.1198785
7,7,26,1.7540199,0.8026399,-1.4078463
7,7,27,0.111505896,0.9892179,-0.110303625
7,7,28,-0.31706092,0.67906594,0.25364873
7,7,29,0.7932387,1.2012675,-0.9518865
7,7,30,-0.6200533,0.79006726,0.49604264
7,7,31,0.4089118,1.4235988,-0.49069417
7,7,32,-0.12147837,1.1310717,0.13740075
7,7,33,-0.13539208,0.6899111,0.10831367
7,7,34,0.384115,0.9475655,-0.36397412
7,7,35,1.3997667,0.843811,-1.1811385
7,7,36,1.0147803,1.0716447,-1.0874839
7,7,37,0.055917677,1.1730173,-0.0655924
7,7,38,0.1310372,1.151704,-0.15091607
7,7,39,0.13194187,0.7507525,-0.09905569
8,8,0,-2.229302,0.6685377,1.7834415
8,8,1,-2.114941,0.3986551,1.6919527
8,8,2,-1.5096407,0.7816238,1.2077125
8,8,3,-0.05312286,0.6079506,0.042498287
8,8,4,-1.4167473,0.87491345,1.2395313
8,8,5,-0.7751433,0.61094856,0.6201147
8,8,6,-0.22818583,1.476104,0.33682603
8,8,7,-0.029635645,0.7742331,0.023708517
8,8,8,1.0957627,1.2120674,-1.3149153
8,8,9,2.4168565,1.2644103,-2.900228
8,8,10,0.92488945,0.9514184,-0.87995684
8,8,11,-0.77061003,0.8074516,0.6222303
8,8,12,-0.63674515,0.7954961,0.50939614
8,8,13,-1.6619779,0.7964252,1.3295823
8,8,14,-1.2318631,0.77216846,0.9854905
8,8,15,0.8994443,1.1627405,-1.0458202
8,8,16,0.11331236,1.3473717,-0.13597484
8,8,17,0.1822339,1.5247394,-0.2186807
8,8,18,1.2182939,1.1829792,-1.4412163
8,8,19,1.381443,1.0438585,-1.442031
8,8,20,0.39904335,0.97607005,-0.38949427
8,8,21,0.92930645,0.8109832,-0.7536519
8,8,22,0.08699174,1.0554311,-0.091813795
8,8,23,-0.17631277,1.2609891,0.22232848
8,8,24,-0.3197664,0.9830441,0.31434447
8,8,25,-0.16235653,0.7130944,0.12988523
8,8,26,-0.7208397,0.9688622,0.6983943
8,8,27,-0.54911125,0.82377005,0.4523414
8,8,28,-0.43229932,0.8007732,0.3461737
8,8,29,0.58864546,1.1620078,-0.6840106
8,8,30,1.4590591,1.3703972,-1.7508711
8,8,31,0.94456124,1.2053103,-1.1334735
8,8,32,0.6681497,1.2209774,-0.8017797
8,8,33,0.66439134,0.98305255,-0.6531316
8,8,34,0.02123519,0.33148816,-0.007039214
8,8,35,-0.24903093,0.76722616,0.19922476
8,8,36,0.6505791,0.5509715,-0.35845053
8,8,37,0.31672895,0.9091914,-0.28796723
8,8,38,0.3812792,1.0287497,-0.39224085
8,8,39,-0.0745801,0.8485975,0.06328849
9,9,0,2.1478384,2.214553,-2.5774062
9,9,1,2.6033852,1.2204297,-3.1240623
9,9,2,1.2324351,0.9995583,-1.2318908
9,9,3,0.68491334,1.1989344,-0.82116616
9,9,4,1.023169,1.2213565,-1.2278029
9,9,5,0.6907773,1.3255942,-0.8289328
9,9,6,0.25919157,0.53471017,-0.13859236
9,9,7,-0.52069086,0.73812205,0.4165527
9,9,8,-0.49626294,0.89856523,0.4459246
9,9,9,-0.53886,0.53365463,0.43108803
9,9,10,0.17335083,1.6128242,-0.208021
9,9,11,0.14108938,1.0289729,-0.14517714
9,9,12,0.39913926,1.0561931,-0.42156813
9,9,13,-0.15609503,0.7061751,0.12487602
9,9,14,0.4644662,0.8886583,-0.41275176
9,9,15,0.71030724,1.2122808,-0.8523687
9,9,16,0.6305616,1.455793,-0.75667393
9,9,17,-0.5595765,0.45444706,0.44766122
9,9,18,-0.81452894,0.51771593,0.6516232
9,9,19,-1.1238952,0.7062443,0.89911616
9,9,20,-0.6687771,0.96366215,0.64447516
9,9,21,0.63591737,0.7552259,-0.48026127
9,9,22,-0.99294394,0.8011731,0.79551995
9,9,23,0.45857584,1.2852634,-0.55029106
9,9,24,1.7542717,1.1932672,-2.093315
9,9,25,0.6113816,1.0868361,-0.66447157
9,9,26,-0.41678244,0.9890384,0.41221383
9,9,27,-1.3158386,1.0477446,1.3786628
9,9,28,-1.3582399,0.907385,1.2324464
9,9,29,-0.18964908,0.8680684,0.16462837
9,9,30,0.66536254,1.3077691,-0.7984351
9,9,31,1.1904992,1.5531182,-1.4285991
9,9,32,-0.18139632,0.9195601,0.16680482
9,9,33,-0.36126417,0.81342816,0.29386246
9,9,34,-0.73407227,0.9311101,0.6835021
9,9,35,-1.0933633,0.5589138,0.87469065
9,9,36,-0.97199947,0.80654246,0.78395885
9,9,37,-1.5108055,0.8008091,1.2098668
9,9,38,-1.6272483,0.5978073,1.3017987
9,9,39,-0.84433883,1.2832844,1.0835268
10,10,0,-0.583019,0.8566004,0.49941432
10,10,1,-0.37663272,0.6698867,0.3013062
10,10,2,-0.085942395,0.83597624,0.0718458
10,10,3,-0.53366476,0.97203016,0.51873827
10,10,4,-0.6361336,1.0399976,0.6615774
10,10,5,-0.108531475,1.2824266,0.13918366
10,10,6,0.2790414,1.0708917,-0.29882315
10,10,7,0.6846632,0.97187996,-0.6654104
10,10,8,0.6510875,1.2103007,-0.7813051
10,10,9,-0.22865461,1.1372423,0.2600357
10,10,10,-0.011558779,0.85768497,0.009913791
10,10,11,-0.0387896,0.58667785,0.031031681
10,10,12,0.60583454,1.2108006,-0.7270015
10,10,13,0.4637634,1.1964433,-0.5548666
10,10,14,0.18929838,1.1419697,-0.21617301
10,10,15,0.5666008,0.93617684,-0.53043854
10,10,16,0.49065268,0.94085723,-0.46163413
10,10,17,0.14670023,1.1437043,-0.16778168
10,10,18,-0.22852156,1.5380139,0.35146934
10,10,19,0.2914281,1.4133153,-0.3497137
10,10,20,0.53373605,1.0852804,-0.57925326
10,10,21,0.5435842,0.90831137,-0.49374375
10,10,22,1.1058108,0.8216716,-0.9086133
10,10,23,1.6287706,1.1972967,-1.9501218
10,10,24,1.7323126,0.88551205,-1.5339837
10,10,25,1.8203683,1.3615851,-2.184442
10,10,26,0.94367015,1.3705809,-1.1324042
10,10,27,0.57796776,1.1984794,-0.69268245
10,10,28,0.23335414,0.7257115,-0.1693478
10,10,29,0.25910312,1.0040772,-0.26015952
10,10,30,0.49488032,1.199186,-0.5934535
10,10,31,-0.13558303,1.0574416,0.14337113
10,10,32,-0.2341441,0.87215185,0.20420922
10,10,33,-0.30781797,0.8660867,0.26659706
10,10,34,-0.44487846,0.8315277,0.36992878
10,10,35,-0.9618503,0.7980235,0.7694802
10,10,36,-2.3836672,0.7993443,1.9069338
10,10,37,-2.444445,0.5572892,1.9555559
10,10,38,-2.3420858,0.6858164,1.8736687
10,10,39,-2.156708,0.6344483,1.7253665
11,11,0,-1.5071084,0.7603189,1.2056868
11,11,1,-1.5782176,0.63195163,1.2625741
11,11,2,-1.4999361,0.76317316,1.1999489
11,11,3,-1.119206,0.79681265,0.89536476
11,11,4,-1.1766573,0.8097606,0.9528107
11,11,5,-1.3743485,0.7571644,1.0994788
11,11,6,-0.8130187,1.0626748,0.86397445
11,11,7,-0.338215,1.2163541,0.4113892
11,11,8,-0.346803,0.9046127,0.3137224
11,11,9,-0.2152904,1.123409,0.24185918
11,11,10,-0.2596969,0.7255692,0.20775752
11,11,11,0.30117816,0.843913,-0.25416818
11,11,12,0.11441455,0.8561998,-0.09796172
11,11,13,0.2688807,1.1225725,-0.3018381
11,11,14,0.14742935,1.2375042,-0.17691523
11,11,15,0.21451874,0.8516313,-0.18269087
11,11,16,1.4774816,1.1458782,-1.6930139
11,11,17,1.7378825,1.1441044,-1.9883189
11,11,18,1.375626,1.2218301,-1.6507512
11,11,19,1.5289915,1.552942,-1.8347899
11,11,20,1.274911,1.0747215,-1.3701743
11,11,21,1.810078,0.97425145,-1.7634711
11,11,22,1.5009131,0.8763419,-1.3153131
11,11,23,1.7648808,1.3036029,-2.117857
11,11,24,0.59280246,0.7558157,-0.4480494
11,11,25,0.65178525,1.1525351,-0.7512054
11,11,26,0.6402012,1.3571004,-0.76824147
11,11,27,0.23541279,1.0609361,-0.24975793
11,11,28,-0.55138564,0.95229304,0.5250807
11,11,29,-0.8237423,0.72203845,0.65899384
11,11,30,-0.4355569,0.7047224,0.3484455
11,11,31,-1.208603,0.74855125,0.9668824
11,11,32,-0.5091076,0.73993266,0.40728608
11,11,33,-0.7559985,0.8366548,0.63250977
11,11,34,-1.1183954,0.843265,0.94310373
11,11,35,-0.5115118,0.9227652,0.47200528
11,11,36,0.073410615,1.2502654,-0.088092744
11,11,37,0.4032086,1.3494382,-0.48385036
11,11,38,0.25934032,1.2328396,-0.3112084
11,11,39,-0.23055,1.031402,0.23778974
12,12,0,-1.5285921,0.7671779,1.2228737
12,12,1,-0.30734384,1.1856803,0.36441153
12,12,2,-0.14864711,1.082787,0.16095316
12,12,3,0.73689246,1.2479584,-0.88427097
12,12,4,-0.14268108,0.890887,0.12711272
12,12,5,-0.42268655,1.2047099,0.50921464
12,12,6,0.6442922,1.2022417,-0.7731506
12,12,7,0.6980207,1.1214432,-0.78279054
12,12,8,1.2654419,1.8116695,-1.5185304
12,12,9,0.49564445,0.9555207,-0.47359854
12,12,10,0.7782542,1.1421497,-0.8888828
12,12,11,-0.99432415,0.80003124,0.7954904
12,12,12,0.019184334,0.8925096,-0.017122202
12,12,13,0.093191385,1.1049364,-0.10297055
12,12,14,-0.11333343,0.73761964,0.09066674
12,12,15,-1.8201096,0.6457421,1.4560877
12,12,16,-0.70806503,1.2800438,0.9063543
12,12,17,-0.03290457,0.7168104,0.026323656
12,12,18,0.4905998,1.1788679,-0.5783524
12,12,19,0.70893466,1.1983697,-0.84956586
12,12,20,0.32436395,1.0283308,-0.33355343
12,12,21,0.8929348,0.9795039,-0.87463313
12,12,22,2.3821714,1.1992958,-2.856928
12,12,23,2.1480033,1.2823336,-2.577604
12,12,24,0.7504647,0.8375848,-0.6285778
12,12,25,0.53466856,0.99280953,-0.53082407
12,12,26,-0.6014363,0.570611,0.48114905
12,12,27,-1.7263627,0.76904255,1.3810902
12,12,28,-0.57223564,0.5186062,0.45778853
12,12,29,0.8875087,1.0492051,-0.9311786
12,12,30,-0.7680312,0.8446075,0.64868486
12,12,31,-0.29006964,1.399935,0.40607864
12,12,32,0.6323956,0.93425083,-0.59081614
12,12,33,0.7378358,0.65940326,-0.48653135
12,12,34,0.83138084,1.0938009,-0.9093651
12,12,35,-0.39653766,0.7105528,0.31723014
12,12,36,-1.1325493,0.79877985,0.9060394
12,12,37,-0.9767438,0.8039081,0.7852123
12,12,38,-1.7227607,0.7956602,1.3782085
12,12,39,-1.6467711,0.43393528,1.3174169
13,13,0,1.4294397,1.2211056,-1.7153276
13,13,1,0.4017144,0.9654343,-0.3878289
13,13,2,0.1715429,0.92958933,-0.15946445
13,13,3,1.3320625,1.1658751,-1.5530185
13,13,4,1.264327,1.0618213,-1.3424895
13,13,5,-0.24064031,0.99304765,0.2389673
13,13,6,0.5302904,1.2318077,-0.63634855
13,13,7,1.5165893,1.2061929,-1.8199072
13,13,8,0.9923745,0.91748446,-0.9104882
13,13,9,-1.663627,1.0168061,1.6915861
13,13,10,-0.7187202,0.98571634,0.70845425
13,13,11,-1.7021148,0.97523355,1.6599594
13,13,12,-0.9316312,1.3888193,1.2938675
13,13,13,0.5276789,0.61892885,-0.3265957
13,13,14,0.23753943,1.1924888,-0.2832631
13,13,15,-0.5208224,1.0588529,0.55147433
13,13,16,0.36367002,0.9346376,-0.3398997
13,13,17,0.39237928,1.133183,-0.44463754
13,13,18,0.08984256,0.8756184,-0.0786678
13,13,19,-0.8370833,0.87768257,0.7346934
13,13,20,0.62696916,1.1446779,-0.7176777
13,13,21,-0.2747094,0.91436565,0.25118485
13,13,22,-0.682366,0.93897283,0.64072317
13,13,23,-1.944629,0.809615,1.5744008
13,13,24,-0.19639206,0.9687467,0.19025417
13,13,25,0.41424483,1.0877395,-0.45059046
13,13,26,0.9112769,1.2150835,-1.0935323
13,13,27,1.9503874,0.7626864,-1.4875338
13,13,28,1.322302,1.1199362,-1.4808939
13,13,29,1.2778018,1.2035736,-1.5333622
13,13,30,-0.7082635,0.76938474,0.5666108
13,13,31,-0.23283142,0.8547794,0.1990195
13,13,32,0.047289062,1.0214899,-0.0483053
13,13,33,-1.8025385,0.7917187,1.4420308
13,13,34,0.21075657,1.1189076,-0.23581712
13,13,35,0.18261336,0.9963712,-0.18195069
13,13,36,-0.56006,1.1352816,0.6358258
13,13,37,-0.4645885,1.0642407,0.49443397
13,13,38,-1.150164,1.0963523,1.260985
13,13,39,-1.5619012,0.79221493,1.249521
14,14,0,-0.06604128,0.94427145,0.062360898
14,14,1,1.0030092,0.7214685,-0.72363955
14,14,2,0.6728884,0.73104095,-0.49190897
14,14,3,0.0037719829,0.7962399,-0.0030034033
14,14,4,-0.6768483,0.7708764,0.54147863
14,14,5,-1.7516009,0.4242156,1.4012808
14,14,6,-1.4940689,0.79437256,1.1952552
14,14,7,-1.8283451,0.80161446,1.4656278
14,14,8,-1.4602361,0.8004376,1.1688279
14,14,9,-0.6818057,1.054859,0.7192089
14,14,10,-0.8621164,0.79786944,0.68969315
14,14,11,-0.9067092,0.7967648,0.72536737
14,14,12,0.6735823,0.98918414,-0.66629696
14,14,13,0.22804514,0.76977885,-0.17554432
14,14,14,0.484791,1.131124,-0.54835874
14,14,15,0.6505469,1.1845173,-0.77058405
14,14,16,-0.11741011,0.731103,0.09392809
14,14,17,-0.10691775,0.79908043,0.0855342
14,14,18,1.0895485,1.0723555,-1.1683834
14,14,19,1.3036118,1.2794148,-1.5643342
14,14,20,0.2203462,1.3939985,-0.26441544
14,14,21,-0.28577763,0.91208947,0.26065478
14,14,22,-1.102217,0.8043851,0.88660693
14,14,23,-2.3594887,0.8758698,2.0666049
14,14,24,-0.9549697,0.9719643,0.92819643
14,14,25,-0.45909938,0.9721224,0.44630077
14,14,26,0.05410706,0.749961,-0.040578187
14,14,27,1.0990796,1.2624571,-1.3188956
14,14,28,0.650757,1.3354999,-0.78090847
14,14,29,1.7390392,0.6931714,-1.2054522
14,14,30,1.7504342,1.1937985,-2.0896657
14,14,31,0.20432,1.3001676,-0.245184
14,14,32,-0.16413997,1.0936726,0.17951539
14,14,33,0.96724224,1.3209785,-1.1606908
14,14,34,-0.42225233,1.2446388,0.5255516
14,14,35,0.6467709,1.0403692,-0.6728805
14,14,36,0.11072936,1.4860761,-0.13287523
14,14,37,0.045567665,1.0416548,-0.04746578
14,14,38,0.49617615,1.15936,-0.5752468
14,14,39,1.6056796,1.095743,-1.7594122
15,15,0,0.6392711,0.8274107,-0.5289397
15,15,1,0.77020216,1.1152594,-0.85897523
15,15,2,0.29648125,1.025704,-0.304102
15,15,3,-0.20942606,0.9542959,0.19985442
15,15,4,-0.2669157,0.7402891,0.21353257
15,15,5,0.34284833,1.0974156,-0.3762471
15,15,6,-0.20182823,0.7534436,0.16146259
15,15,7,-0.19160685,1.2574195,0.24093018
15,15,8,-0.3033594,1.0649534,0.32306364
15,15,9,-0.43132508,0.72214514,0.34506008
15,15,10,-0.6469323,0.7670425,0.5175459
15,15,11,-0.88877654,0.7773864,0.71102124
15,15,12,-1.551367,0.9890474,1.5343755
15,15,13,-0.86078227,1.1558142,0.99490434
15,15,14,-0.96182567,0.93752104,0.9017318
15,15,15,-1.4646121,0.5451157,1.1716897
15,15,16,-2.0008442,0.7661908,1.6006755
15,15,17,-1.243303,0.8109016,1.0081964
15,15,18,-1.1560593,0.47380036,0.9248474
15,15,19,-0.8246313,0.440457,0.65970504
15,15,20,-1.013404,0.46004188,0.81072325
15,15,21,-0.7281744,1.112157,0.80984426
15,15,22,0.051577564,0.7620971,-0.039307114
15,15,23,0.22000392,1.4796197,-0.2640047
15,15,24,-0.37245008,0.4941336,0.29796007
15,15,25,-0.41582698,0.8332543,0.3464896
15,15,26,0.4179944,0.5059718,-0.21149337
15,15,27,0.32974756,0.9979327,-0.32906586
15,15,28,0.48688874,1.287266,-0.5842665
15,15,29,0.7797406,1.708492,-0.93568873
15,15,30,0.42802656,1.1992941,-0.51332974
15,15,31,0.47310463,1.2062867,-0.5677256
15,15,32,0.24406733,0.6122959,-0.14944144
15,15,33,0.30338946,0.7182217,-0.2179009
15,15,34,1.1095682,1.2036241,-1.3314819
15,15,35,0.74832,1.2004029,-0.897984
15,15,36,1.9709072,1.2415825,-2.3650887
15,15,37,2.6384878,1.2716368,-3.1661856
15,15,38,1.8430969,1.3390619,-2.2117164
15,15,39,1.6397392,1.2238219,-1.967687
16,16,0,1.0551715,1.2092065,-1.2662058
16,16,1,0.39153117,1.338019,-0.46983743
16,16,2,-0.28769735,0.7233949,0.23015788
16,16,3,-0.62528896,0.8050075,0.5033623
16,16,4,-0.5128645,0.1896674,0.41029158
16,16,5,0.7117616,0.7650146,-0.544508
16,16,6,0.982022,1.6702651,-1.1784264
16,16,7,-0.7584859,0.9438465,0.7158943
16,16,8,0.123217575,1.2233336,-0.1478611
16,16,9,1.1021591,1.0960804,-1.208055
16,16,10,0.0070880787,0.60235924,-0.0042695696
16,16,11,-1.9873247,0.50047064,1.5898598
16,16,12,-2.433497,0.22466883,1.9467976
16,16,13,-1.7498027,0.7989459,1.3998421
16,16,14,-2.0861206,0.80534303,1.6800427
16,16,15,-1.0864844,0.80850315,0.8784261
16,16,16,-0.42171392,1.0726552,0.45235363
16,16,17,-0.10423538,0.9025592,0.09407861
16,16,18,-1.1407936,0.79996985,0.91263485
16,16,19,-0.5268905,0.9734453,0.5128991
16,16,20,-0.40365875,0.74396443,0.322927
16,16,21,0.03889012,1.8514298,-0.046668146
16,16,22,-0.37125683,0.69030243,0.29700547
16,16,23,-0.26757175,1.2033291,0.32197687
16,16,24,0.28617018,0.80484325,-0.23032214
16,16,25,0.394008,1.0561068,-0.41611454
16,16,26,0.60581356,0.60656595,-0.36746588
16,16,27,1.2467167,1.270821,-1.4960601
16,16,28,0.07178969,0.7862193,-0.05644244
16,16,29,0.09673919,0.5843037,-0.056525063
16,16,30,1.4493539,1.0961202,-1.5886662
16,16,31,1.016095,0.69759804,-0.7088259
16,16,32,1.4321171,1.4020152,-1.7185405
16,16,33,0.69014484,1.1910579,-0.8220025
16,16,34,-0.37468356,0.9666181,0.3621759
16,16,35,-0.7099204,0.79726493,0.56793636
16,16,36,0.6095452,1.1295087,-0.6884866
16,16,37,0.945773,1.0483549,-0.99150574
16,16,38,1.2264132,1.1345087,-1.3913765
16,16,39,1.3657681,1.4670436,-1.6389217
17,17,0,1.3854704,0.9938454,-1.3769433
17,17,1,1.9969084,1.196651,-2.3896024
17,17,2,1.7424725,1.0028738,-1.74748
17,17,3,1.0037111,1.4153162,-1.2044533
17,17,4,0.31242728,1.6665736,-0.37491274
17,17,5,0.41537347,1.1845009,-0.49201027
17,17,6,0.027823608,1.0255406,-0.02853424
17,17,7,-0.04980871,1.3765213,0.06856275
17,17,8,-0.5855279,0.63883436,0.46842232
17,17,9,-0.48062298,0.7374983,0.3844984
17,17,10,-0.6370555,0.71904826,0.50964445
17,17,11,-0.9402674,0.7609416,0.7522139
17,17,12,-0.9253912,0.54219157,0.740313
17,17,13,-0.6581543,0.82113266,0.540432
17,17,14,-1.0295405,0.8033207,0.8270512
17,17,15,-0.8370318,0.8071188,0.6755841
17,17,16,-1.3520625,0.6364406,1.08165
17,17,17,-1.5717212,0.6967789,1.257377
17,17,18,-1.5993575,0.7587159,1.2794861
17,17,19,-1.434577,0.78301483,1.1476616
17,17,20,-1.9045472,0.7561657,1.5236378
17,17,21,-0.60447747,1.4076926,0.8509184
17,17,22,-0.8196922,0.7442692,0.6557538
17,17,23,-0.31250852,1.0386877,0.32459876
17,17,24,-0.19740234,1.0486853,0.20701294
17,17,25,0.7591747,1.5744013,-0.91100967
17,17,26,1.258497,1.2920164,-1.5101964
17,17,27,1.4226849,1.1478989,-1.6330985
17,17,28,1.5009929,1.1355057,-1.704386
17,17,29,1.4703864,1.203701,-1.7644638
17,17,30,0.8504493,0.729363,-0.6202863
17,17,31,0.5337432,1.1927704,-0.6366331
17,17,32,0.3318604,1.024143,-0.33987248
17,17,33,0.27091146,1.1680397,-0.31643534
17,17,34,0.46489874,1.2029752,-0.5578785
17,17,35,0.09407871,0.91018003,-0.08562856
17,17,36,0.31441283,1.3131214,-0.3772954
17,17,37,-0.03484985,0.81571203,0.02842744
17,17,38,-0.007493908,1.0160854,0.0076144505
17,17,39,-0.1741911,0.9658823,0.1682481
18,18,0,1.1730335,1.2135595,-1.4076402
18,18,1,0.5847929,1.0352167,-0.6053874
18,18,2,0.8266172,0.95692235,-0.7910085
18,18,3,0.7647913,0.87196183,-0.6668688
18,18,4,-0.09292112,0.89250785,0.08293283
18,18,5,-0.35465634,0.79485154,0.28372508
18,18,6,-0.26339835,0.8364625,0.22032285
18,18,7,0.024341455,0.99404967,-0.024196615
18,18,8,0.037560068,0.90830404,-0.034115963
18,18,9,-0.67112494,0.9780221,0.656375
18,18,10,-0.21397409,0.88866466,0.19015121
18,18,11,0.08257299,1.0962723,-0.09052248
18,18,12,0.14042017,0.857751,-0.12044554
18,18,13,0.36750737,1.1597205,-0.42620584
18,18,14,0.65458536,1.232266,-0.7855025
18,18,15,0.68921936,0.9243863,-0.6371049
18,18,16,1.2746127,1.275886,-1.5295353
18,18,17,0.6535415,1.4345077,-0.78424984
18,18,18,1.5996526,1.2197485,-1.9195832
18,18,19,2.3280845,1.6517366,-2.7937014
18,18,20,1.7391738,1.247724,-2.0870087
18,18,21,1.4638613,1.2042395,-1.7566336
18,18,22,0.9628424,1.2275413,-1.1554109
18,18,23,0.69301295,1.1733876,-0.8131728
18,18,24,-0.4615898,0.48377413,0.36927184
18,18,25,-0.46994576,0.7683684,0.37595662
18,18,26,0.23816495,1.2664703,-0.28579795
18,18,27,-0.5104728,0.3482458,0.4083782
18,18,28,-0.41838273,0.8291825,0.34691563
18,18,29,-0.13759503,0.9483642,0.1304902
18,18,30,-0.9395767,0.8044181,0.75581247
18,18,31,-1.5168319,0.5622005,1.2134656
18,18,32,-1.5897701,0.46149153,1.2718161
18,18,33,-0.9943409,0.28654715,0.79547274
18,18,34,-1.0136285,0.4444635,0.8109028
18,18,35,-1.2334659,0.7300036,0.9867727
18,18,36,-1.2141572,0.3630994,0.9713258
18,18,37,-1.6005358,0.067372374,1.2804286
18,18,38,-1.4155606,0.4040219,1.1324486
18,18,39,-1.1864586,0.44699612,0.9491669
19,19,0,0.99683094,1.2505181,-1.1961972
19,19,1,1.2845806,1.1827668,-1.5193592
19,19,2,0.8415329,0.9879774,-0.8314155
19,19,3,1.4514585,1.2082009,-1.7417502
19,19,4,0.5820363,1.0821579,-0.62985516
19,19,5,-0.26940128,1.037428,0.27948445
19,19,6,-0.23710184,0.92771333,0.21996254
19,19,7,0.43704572,0.71136475,-0.31089893
19,19,8,1.107994,1.0216914,-1.132028
19,19,9,0.6161381,1.0608182,-0.6536105
19,19,10,0.24493502,0.77502024,-0.1898296
19,19,11,0.16902608,0.9416604,-0.15916516
19,19,12,-1.0863535,1.1041942,1.1995453
19,19,13,-1.1536179,0.78686965,0.9228943
19,19,14,-1.403845,1.0242419,1.4378768
19,19,15,-1.0521947,0.97726315,1.0282711
19,19,16,-0.47517216,1.3893539,0.6601823
19,19,17,-0.59753215,0.8145569,0.48672393
19,19,18,-0.78148323,0.9230577,0.72135407
19,19,19,0.6923517,0.9868573,-0.68325233
19,19,20,0.12860614,1.0607262,-0.1364159
19,19,21,0.16081874,0.8591595,-0.13816896
19,19,22,0.3675174,0.91465956,-0.33615333
19,19,23,-0.4860755,1.20393,0.58520085
19,19,24,-0.3708629,1.1412514,0.4232478
19,19,25,0.9402011,0.9343448,-0.87847203
19,19,26,1.082792,1.1703483,-1.2672439
19,19,27,-0.16325486,1.0157017,0.16581823
19,19,28,-0.6555963,0.8446836,0.55377144
19,19,29,-1.426385,0.9803815,1.3984015
19,19,30,-2.8731823,0.8672825,2.4918609
19,19,31,-1.4371334,0.79973567,1.1497067
19,19,32,-0.8099209,0.94699544,0.7669914
19,19,33,-0.30255514,0.91895956,0.27803594
19,19,34,0.98064816,1.2811638,-1.1767778
19,19,35,0.4037013,0.9038933,-0.3649029
19,19,36,1.7821858,0.825378,-1.470977
19,19,37,1.8019983,1.2393993,-2.162398
19,19,38,-0.03340694,1.0253993,0.034255452
19,19,39,-0.45731965,0.82314533,0.37644053
20,20,0,1.2975429,1.7090225,-1.5570515
20,20,1,1.179408,1.193965,-1.4081718
20,20,2,1.7049539,1.2208627,-2.0459447
20,20,3,1.5123872,1.2529743,-1.8148646
20,20,4,0.96246845,1.478851,-1.1549622
20,20,5,0.89910185,0.90035284,-0.8095089
20,20,6,0.3844767,1.1980983,-0.46064088
20,20,7,0.5467747,1.2386413,-0.65612966
20,20,8,-0.27258047,1.0589365,0.28864542
20,20,9,-0.5282093,0.7742586,0.42256746
20,20,10,-0.14978135,1.1292707,0.16914368
20,20,11,0.204306,1.1253198,-0.2299096
20,20,12,-0.059937395,0.802766,0.048115704
20,20,13,-0.025922691,0.79275036,0.020738153
20,20,14,-0.6837204,0.93950355,0.64235777
20,20,15,-0.26916984,1.094285,0.2945485
20,20,16,-0.6536729,0.887978,0.58044714
20,20,17,-0.40482694,0.6830085,0.32386157
20,20,18,0.3158749,0.8354446,-0.263896
20,20,19,0.8394273,1.1817912,-0.99202776
20,20,20,-0.3903408,0.96936494,0.37838268
20,20,21,0.4640259,1.0524846,-0.48838013
20,20,22,0.5161524,1.2087896,-0.61938286
20,20,23,-0.313325,0.6119604,0.25066
20,20,24,-0.08200588,0.6210542,0.06560471
20,20,25,0.35558695,0.7361516,-0.2617659
20,20,26,1.059309,0.9564794,-1.0132072
20,20,27,1.4216479,1.194283,-1.69785
20,20,28,1.3209977,1.2157245,-1.5851973
20,20,29,0.32734153,1.1392165,-0.37291288
20,20,30,0.46083534,1.1635233,-0.53619266
20,20,31,-0.074851505,0.82443845,0.06171046
20,20,32,-0.69601905,0.806811,0.5615558
20,20,33,-0.65185225,0.77266383,0.5214818
20,20,34,-1.2391862,0.7811428,0.9913489
20,20,35,-2.0336127,1.3083177,2.6606114
20,20,36,-2.173632,0.8090886,1.7586608
20,20,37,-1.5529433,1.1486477,1.7837847
20,20,38,-2.0841079,0.69518924,1.6672863
20,20,39,-1.4329205,0.8356376,1.1974022
21,21,0,1.9179624,1.2092953,-2.301555
21,21,1,1.9289671,1.224074,-2.3147607
21,21,2,1.8086866,1.36572,-2.170424
21,21,3,1.8624713,1.0890431,-2.0283117
21,21,4,1.5642834,1.2050965,-1.8771402
21,21,5,1.4019132,1.0530645,-1.4763049
21,21,6,1.1141603,1.1689255,-1.3023704
21,21,7,1.1837296,0.8170796,-0.96720135
21,21,8,0.9255491,1.180944,-1.0930216
21,21,9,0.21628195,0.9828763,-0.2125784
21,21,10,0.676999,1.1489816,-0.77785933
21,21,11,0.70662194,0.830741,-0.5870198
21,21,12,0.4885615,1.9077301,-0.58627385
21,21,13,0.027602812,1.003688,-0.027704611
21,21,14,-0.34290105,0.84807086,0.2908044
21,21,15,-0.44669056,0.82026505,0.36640465
21,21,16,0.06283461,0.82662356,-0.05194057
21,21,17,0.2394383,0.48705488,-0.116619594
21,21,18,0.07422187,1.3125486,-0.08906625
21,21,19,-0.51772577,1.1798363,0.6108316
21,21,20,-0.7086368,0.9363407,0.66352546
21,21,21,-0.80816865,0.7752298,0.6465349
21,21,22,-1.108134,0.95090544,1.0537307
21,21,23,-0.956298,1.3014851,1.2446076
21,21,24,-1.131781,0.84467834,0.9559909
21,21,25,-1.1887429,0.9318039,1.1076752
21,21,26,-1.4830811,0.6671405,1.1864649
21,21,27,-1.2664778,1.0829575,1.3715416
21,21,28,-1.3322463,0.7978868,1.0657971
21,21,29,-1.0902737,0.78033006,0.872219
21,21,30,-0.62740237,0.6001691,0.5019219
21,21,31,-0.31164536,0.8094471,0.25226045
21,21,32,-0.5322457,0.37372723,0.42579657
21,21,33,-0.41360724,0.9828782,0.40652555
21,21,34,-0.37389454,0.81665313,0.30534214
21,21,35,-0.8955461,0.65472114,0.71643686
21,21,36,-0.6326369,0.7493412,0.50610954
21,21,37,0.05566491,2.18138,-0.06679789
21,21,38,-0.04565843,1.8195078,0.083075866
21,21,39,-0.042155217,1.6185199,0.06822906
22,22,0,-1.52777,0.74618226,1.222216
22,22,1,-1.6612841,0.7988379,1.3290273
22,22,2,-1.7087392,0.7706629,1.3669914
22,22,3,-1.5234959,0.7879763,1.2187967
22,22,4,-0.71915746,0.6890672,0.57532597
22,22,5,-0.39486045,0.70843464,0.31588838
22,22,6,-0.42386985,0.80057967,0.33934158
22,22,7,-0.4129875,0.9390709,0.38782454
22,22,8,-0.20525245,1.1504909,0.23614107
22,22,9,-0.08577452,0.9001477,0.07720973
22,22,10,0.060641352,0.85715526,-0.051979054
22,22,11,-0.11572644,0.46736535,0.09258115
22,22,12,0.073962316,1.1943638,-0.08833791
22,22,13,0.29286885,1.5679777,-0.35144264
22,22,14,-0.108788334,0.79634434,0.08703067
22,22,15,-0.7455481,0.53401786,0.5964385
22,22,16,-0.60509396,1.1917859,0.7211425
22,22,17,-0.7805559,1.0794823,0.8425963
22,22,18,-0.19019817,1.2698518,0.24152349
22,22,19,-0.55391264,0.58316076,0.4431301
22,22,20,-0.43137783,1.040076,0.44866574
22,22,21,-0.47935778,0.63284665,0.38348624
22,22,22,-0.46046004,1.0086002,0.4644201
22,22,23,-0.35778862,0.6781562,0.2862309
22,22,24,0.2100271,1.2959623,-0.25203252
22,22,25,0.5804936,1.2425094,-0.6965924
22,22,26,0.52595216,0.8707963,-0.4579972
22,22,27,0.46829963,0.8878028,-0.41575772
22,22,28,0.8204926,0.6463419,-0.5303188
22,22,29,1.3435165,1.1021069,-1.4806988
22,22,30,1.7145206,1.2161703,-2.0574248
22,22,31,2.035054,1.1676182,-2.3761659
22,22,32,1.3398142,1.1097672,-1.4868819
22,22,33,2.1412938,1.3752873,-2.5695527
22,22,34,2.34693,1.1444167,-2.6858659
22,22,35,0.7937004,1.187351,-0.94240093
22,22,36,0.57087034,1.1011539,-0.6286161
22,22,37,-0.09048904,1.084136,0.09810242
22,22,38,-1.0207796,0.7887806,0.8166237
22,22,39,-0.71516716,0.81459534,0.58257186
23,23,0,1.1210268,1.23817,-1.3452321
23,23,1,1.4281927,1.1762934,-1.6799736
23,23,2,1.8958418,1.1897577,-2.2555923
23,23,3,1.9971575,1.4393601,-2.396589
23,23,4,1.7658219,1.2085031,-2.1189864
23,23,5,1.2103864,1.24052,-1.4524637
23,23,6,0.82236123,1.2490836,-0.9868335
23,23,7,0.762201,1.1639915,-0.88719547
23,23,8,0.7570362,0.46557635,-0.35245815
23,23,9,0.61581093,1.167133,-0.71873325
23,23,10,0.027920572,0.776451,-0.021678956
23,23,11,-0.13520727,0.43491533,0.108165815
23,23,12,0.05854425,0.75485146,-0.04419221
23,23,13,-0.5630654,0.865367,0.48725823
23,23,14,-1.0092096,1.0061963,1.015463
23,23,15,-0.28599104,0.982754,0.28105885
23,23,16,-0.8032131,0.91983396,0.7388227
23,23,17,-0.22074698,0.7935673,0.17659758
23,23,18,0.083594784,1.1484038,-0.09600057
23,23,19,-0.43050665,0.8463802,0.36437228
23,23,20,-0.98113537,1.3653547,1.3395977
23,23,21,-1.4792708,0.93864334,1.3885077
23,23,22,-1.0499523,0.805378,0.8456085
23,23,23,-1.0457091,0.80244166,0.83912057
23,23,24,-1.070481,0.67636883,0.85638475
23,23,25,-0.33463877,0.45264512,0.267711
23,23,26,0.6134863,1.19674,-0.7341836
23,23,27,0.58074915,1.1906221,-0.6914528
23,23,28,0.7145189,0.89421844,-0.638936
23,23,29,1.0791968,1.2449659,-1.2950362
23,23,30,-0.06065096,0.8627415,0.052326098
23,23,31,0.6650799,0.9123213,-0.6067666
23,23,32,0.4988954,1.1324683,-0.56498325
23,23,33,0.06768674,0.9945973,-0.06732105
23,23,34,-0.9363147,0.72303444,0.74905175
23,23,35,-1.0448663,0.6684119,0.8358931
23,23,36,-1.2741095,0.3159657,1.0192876
23,23,37,-1.0645392,0.53200895,0.85163134
23,23,38,-1.2087456,0.35486734,0.9669965
23,23,39,-1.767157,0.77922535,1.4137256
24,24,0,1.3134619,1.4366051,-1.5761544
24,24,1,0.9169047,1.1355717,-1.041211
24,24,2,0.930027,1.0457325,-0.97255945
24,24,3,1.0341204,1.1993401,-1.2402622
24,24,4,0.55901134,0.8992579,-0.5026954
24,24,5,-0.7227387,1.0532887,0.76125246
24,24,6,-0.8595677,1.0224825,0.87889296
24,24,7,0.09819692,1.2381815,-0.117836304
24,24,8,-0.82592696,0.78565043,0.66074157
24,24,9,-0.7522785,0.83048236,0.624754
24,24,10,0.75502414,1.1613004,-0.87680984
24,24,11,0.8322403,1.5855167,-0.9986884
24,24,12,0.80596095,1.2426502,-0.9671532
24,24,13,0.7259649,1.1490588,-0.83417636
24,24,14,-0.115630835,1.1666152,0.1348967
24,24,15,-0.7658489,0.78490114,0.6126791
24,24,16,-0.8872085,0.78199697,0.7097668
24,24,17,-1.7455817,0.71372885,1.3964654
24,24,18,-1.5457212,0.65897673,1.2365769
24,24,19,-1.5137868,0.59948695,1.2110294
24,24,20,-1.3391229,0.7977654,1.0712984
24,24,21,-0.33472878,0.8511413,0.28490147
24,24,22,-0.5564325,1.45649,0.8104384
24,24,23,-0.50765,0.8299786,0.42133865
24,24,24,-0.32419285,1.2268746,0.39774397
24,24,25,-0.8977031,0.78724605,0.7181625
24,24,26,-1.1259385,0.87588084,0.986188
24,24,27,0.15328608,1.0418274,-0.15969765
24,24,28,0.31255907,0.9071905,-0.28355062
24,24,29,1.7075623,1.0164391,-1.7356331
24,24,30,1.735983,1.2930666,-2.0831797
24,24,31,2.3628895,1.2061149,-2.8354676
24,24,32,0.9093264,1.0292242,-0.9359007
24,24,33,0.7995345,1.2425088,-0.9594414
24,24,34,0.15893546,1.0042251,-0.15960698
24,24,35,0.4587443,0.7573536,-0.34743163
24,24,36,-0.74165297,0.80780643,0.59911203
24,24,37,-0.7258977,0.87458646,0.63486034
24,24,38,-0.85182244,0.98506486,0.83910036
24,24,39,0.5696924,0.9544938,-0.54376787
25,25,0,-1.2870195,0.36290967,1.0296156
25,25,1,-0.754469,0.768049,0.60357517
25,25,2,-0.99485505,0.63469553,0.7958841
25,25,3,-1.1772426,0.7859959,0.9417941
25,25,4,-1.4164585,0.65141964,1.1331668
25,25,5,-1.1855466,0.5732706,0.94843733
25,25,6,-0.37590882,0.9271625,0.34852856
25,25,7,-0.73990035,0.3851191,0.5919203
25,25,8,-0.16794801,0.6740936,0.1343584
25,25,9,-0.4155786,0.62927663,0.33246288
25,25,10,-0.14010605,0.5591242,0.11208484
25,25,11,-0.46659622,0.856609,0.3996905
25,25,12,-0.62784487,0.57523334,0.5022759
25,25,13,-0.5816068,0.89222616,0.51892483
25,25,14,-1.2717608,0.44176507,1.0174087
25,25,15,-0.8507792,0.77453554,0.68062335
25,25,16,-0.6907555,0.9431213,0.65146625
25,25,17,-0.7239325,1.4567151,1.0545634
25,25,18,-0.39519557,1.0690843,0.4224974
25,25,19,-0.41924012,1.0047568,0.42123437
25,25,20,-0.4454127,0.7480988,0.35633016
25,25,21,-0.3835636,0.8073894,0.30968517
25,25,22,0.14912046,1.0083439,-0.15036471
25,25,23,0.5247435,1.1484278,-0.60263
25,25,24,0.83298,1.1251347,-0.9372147
25,25,25,1.180885,0.8941879,-1.0559331
25,25,26,1.4128977,1.1690978,-1.6518155
25,25,27,2.106734,1.1748936,-2.4751885
25,25,28,2.4498265,1.1978652,-2.934562
25,25,29,1.4760586,1.3494034,-1.7712704
25,25,30,1.4140486,1.0487773,-1.4830221
25,25,31,1.4418615,0.9430107,-1.3596908
25,25,32,1.2062931,1.1093922,-1.3382521
25,25,33,1.040289,1.2217287,-1.2483469
25,25,34,0.9796843,1.1293951,-1.1064507
25,25,35,0.33103773,1.5099751,-0.3972453
25,25,36,0.025201598,0.71917135,-0.018124267
25,25,37,-0.21111068,1.0773253,0.22743489
25,25,38,-0.51350987,1.1650193,0.5982489
25,25,39,-0.33531904,1.10348,0.37001786
26,26,0,-1.2407488,0.79077923,0.992599
26,26,1,-0.65516925,0.757484,0.5241354
26,26,2,-0.62813133,0.83303654,0.52325636
26,26,3,-1.0238906,0.40975624,0.8191125
26,26,4,-0.5004913,0.8801326,0.44049874
26,26,5,-0.16273864,1.5080366,0.24541582
26,26,6,0.28395,1.7655418,-0.34074003
26,26,7,-0.80075747,0.5813611,0.640606
26,26,8,-0.78724164,0.7740382,0.62979335
26,26,9,-0.97881866,0.7900398,0.78305495
26,26,10,-0.8664471,0.70383483,0.6931577
26,26,11,-0.45191908,0.96806186,0.43748564
26,26,12,-1.5259715,0.48996148,1.2207773
26,26,13,-1.2636086,0.68565065,1.0108869
26,26,14,-0.94292915,0.9477557,0.89366645
26,26,15,-0.77336425,1.1407384,0.88220626
26,26,16,-0.7072331,0.7952894,0.5657865
26,26,17,-1.2797736,0.806148,1.0316869
26,26,18,-0.5418124,0.9519117,0.51575756
26,26,19,-0.39105216,0.79030126,0.31284174
26,26,20,-0.7575725,0.9036108,0.6845507
26,26,21,-1.0581634,1.1092789,1.1737983
26,26,22,-0.7855431,1.0561863,0.82967985
26,26,23,0.4532724,1.1660285,-0.5285285
26,26,24,0.52692646,1.1724368,-0.617788
26,26,25,1.2233241,1.1092778,-1.3570063
26,26,26,1.500137,0.8205373,-1.2309184
26,26,27,1.165023,1.160614,-1.352142
26,26,28,1.0203539,1.4603783,-1.2244247
26,26,29,0.75553745,0.951958,-0.71923995
26,26,30,0.67792565,1.6554252,-0.81351084
26,26,31,2.0683339,1.0597267,-2.1918685
26,26,32,1.4834826,1.3536575,-1.7801791
26,26,33,0.31484506,0.8714248,-0.2743638
26,26,34,1.1453879,1.5499991,-1.3744655
26,26,35,0.98139983,1.4313647,-1.1776799
26,26,36,0.8536523,1.1980664,-1.0227321
26,26,37,1.1144321,1.3683913,-1.3373185
26,26,38,1.2494452,1.2228057,-1.4993343
26,26,39,1.3059524,1.1962979,-1.5623081
27,27,0,-2.3430321,0.6292922,1.8744258
27,27,1,-2.3828971,0.78646487,1.9063177
27,27,2,-1.321348,0.7637644,1.0570784
27,27,3,-1.320021,0.6983729,1.0560168
27,27,4,-1.3727324,0.7132475,1.0981859
27,27,5,-1.0959814,0.8728681,0.9566472
27,27,6,-1.2771524,0.82339144,1.0515964
27,27,7,-1.2431977,0.65393114,0.99455816
27,27,8,-1.439723,0.603916,1.1517785
27,27,9,-0.76112306,0.42685834,0.60889846
27,27,10,-0.73508686,0.99966913,0.7348437
27,27,11,-0.3600048,0.74885184,0.28800386
27,27,12,0.31467596,1.1890632,-0.3741696
27,27,13,-0.09403115,1.1991603,0.11275842
27,27,14,0.69802284,1.2264508,-0.8376275
27,27,15,0.5827087,0.97944576,-0.5707316
27,27,16,0.6501403,1.1087067,-0.7208149
27,27,17,0.22621779,1.1900848,-0.26921836
27,27,18,0.18276972,1.3353038,-0.21932366
27,27,19,0.23252307,1.046983,-0.2434477
27,27,20,0.08418202,1.0133452,-0.085305445
27,27,21,-0.048763618,0.9921271,0.048379708
27,27,22,0.89280134,1.5000758,-1.0713617
27,27,23,1.2972779,1.2098535,-1.5567336
27,27,24,1.5049012,0.9531594,-1.4344107
27,27,25,1.0218127,1.2205327,-1.2261753
27,27,26,1.2453214,0.7870655,-0.9801495
27,27,27,0.7432987,1.2023792,-0.8919585
27,27,28,1.1084393,1.1584847,-1.28411
27,27,29,0.74547523,1.1719575,-0.8736653
27,27,30,0.65411544,0.94096965,-0.6155028
27,27,31,0.61453694,1.2838669,-0.73744434
27,27,32,0.33481288,1.3630031,-0.40177548
27,27,33,0.032249752,1.1432258,-0.036868747
27,27,34,-0.21728127,0.8683503,0.18867625
27,27,35,-0.20400836,1.1272677,0.22997203
27,27,36,0.40562177,1.2098513,-0.48674613
27,27,37,0.88971895,1.2342795,-1.0676628
27,27,38,1.0698473,1.1320964,-1.2111703
27,27,39,0.68491393,1.143058,-0.78289634
28,28,0,-1.1419667,0.4402552,0.9135734
28,28,1,-0.6309557,0.57475436,0.50476456
28,28,2,-0.47891417,0.7851845,0.38313136
28,28,3,-0.8513308,0.6787893,0.68106467
28,28,4,-1.1134909,0.766818,0.8907928
28,28,5,-0.40485388,0.688304,0.32388312
28,28,6,-0.5734973,0.8010887,0.4594222
28,28,7,-1.1234806,1.0062277,1.1304773
28,28,8,-0.9798532,0.90424097,0.8860234
28,28,9,-0.7137175,0.98957103,0.7062742
28,28,10,-0.88510346,0.8352261,0.7392615
28,28,11,-0.9402741,0.885401,0.83251965
28,28,12,-0.6723484,1.1993039,0.80635
28,28,13,-0.5943024,1.085615,0.6451836
28,28,14,-1.0380508,0.7670813,0.83044064
28,28,15,-1.2607328,0.78420717,1.0085863
28,28,16,-1.1925623,0.5663865,0.9540499
28,28,17,-1.5449301,0.7861983,1.2359442
28,28,18,-1.2837776,0.8001755,1.0272473
28,28,19,-0.61593163,0.8058409,0.4963429
28,28,20,-0.3825053,0.8266338,0.31619182
28,28,21,0.61261845,1.3851659,-0.7351422
28,28,22,0.9025109,1.5872867,-1.083013
28,28,23,0.8393072,1.0229346,-0.85855633
28,28,24,1.3676711,1.8107073,-1.6412054
28,28,25,1.3654176,1.1410778,-1.5580477
28,28,26,0.9437813,1.1122482,-1.0497191
28,28,27,1.5573893,1.0450727,-1.6275849
28,28,28,1.5295117,1.3862681,-1.835414
28,28,29,1.0809997,1.0182369,-1.1007138
28,28,30,1.1254969,0.9664642,-1.0877525
28,28,31,1.0680137,1.1772058,-1.2572719
28,28,32,0.92261064,0.87999374,-0.81189156
28,28,33,0.35214806,0.6999565,-0.24648832
28,28,34,0.24713129,0.93460107,-0.23096916
28,28,35,0.3158869,1.1610059,-0.36674654
28,28,36,0.5351532,0.9657419,-0.51681983
28,28,37,1.1451088,1.3012803,-1.3741306
28,28,38,1.3178619,1.467129,-1.5814344
28,28,39,1.1939622,1.200602,-1.4327548
29,29,0,-0.5389606,0.6493746,0.43116847
29,29,1,-0.42765012,0.56426394,0.3421201
29,29,2,-0.48223454,0.6443961,0.38578764
29,29,3,-0.46431544,0.57932174,0.37145236
29,29,4,-0.46983752,0.47903028,0.37587002
29,29,5,-0.65685296,0.9446858,0.6205197
29,29,6,-0.5863318,0.9311212,0.54594594
29,29,7,-0.7542896,0.37951666,0.6034317
29,29,8,-0.9438613,0.50200695,0.75508904
29,29,9,-1.3501933,1.0198604,1.3770087
29,29,10,-1.4398569,0.7833883,1.1518855
29,29,11,-1.1037736,0.5916955,0.8830189
29,29,12,-1.0687717,0.80835706,0.8639492
29,29,13,-0.6886412,1.0262343,0.7067072
29,29,14,-0.86135954,1.0967492,0.94469535
29,29,15,-0.5628826,0.901852,0.5076368
29,29,16,-0.5332707,0.39125994,0.42661658
29,29,17,-1.177824,0.8003922,0.9427212
29,29,18,-0.22137928,1.3224218,0.2927568
29,29,19,-0.33072826,1.0105572,0.3342198
29,29,20,0.1797451,1.1820765,-0.21247244
29,29,21,0.73254585,0.9773643,-0.71596414
29,29,22,-0.07592107,1.0669062,0.08100066
29,29,23,-0.011378443,1.156197,0.013155721
29,29,24,-0.48632482,0.83668745,0.40690187
29,29,25,-0.68939555,1.2470852,0.859735
29,29,26,-0.47535914,0.7538785,0.38028732
29,29,27,0.05031064,0.9213363,-0.04635302
29,29,28,0.13660066,0.98281914,-0.13425374
29,29,29,0.89795166,0.88611907,-0.7956921
29,29,30,1.8204073,1.2024263,-2.1844888
29,29,31,1.9669782,1.2048414,-2.360374
29,29,32,1.3325562,1.221814,-1.5990676
29,29,33,1.3962018,1.0259515,-1.4324354
29,29,34,2.0454798,1.2145231,-2.4545758
29,29,35,2.0833797,1.0142822,-2.113135
29,29,36,1.4268712,1.1823515,-1.6870632
29,29,37,1.1815006,1.2669921,-1.4178007
29,29,38,0.31449714,1.3049538,-0.37739658
29,29,39,0.8363683,0.8020251,-0.67078835
30,30,0,-1.6200113,0.30975407,1.2960091
30,30,1,-0.5888061,0.7770707,0.47104487
30,30,2,-0.093804665,1.5654533,0.14684682
30,30,3,0.24412799,1.3362732,-0.2929536
30,30,4,1.615925,1.2286271,-1.93911
30,30,5,1.118173,1.2197973,-1.3418076
30,30,6,1.6976566,1.2031283,-2.037188
30,30,7,2.1262476,1.2567943,-2.5514972
30,30,8,1.8703632,1.2169412,-2.244436
30,30,9,2.2393627,1.2738897,-2.6872354
30,30,10,1.0586231,1.2801104,-1.2703477
30,30,11,0.94378984,1.2078683,-1.1325479
30,30,12,0.16144536,1.1439286,-0.18468198
30,30,13,0.16243476,1.1913351,-0.19351423
30,30,14,-0.12338909,0.781348,0.098711275
30,30,15,0.39430705,1.0722742,-0.42280528
30,30,16,0.12062352,0.729934,-0.08804721
30,30,17,-0.8853576,0.80818945,0.7155367
30,30,18,-0.82354635,0.6177978,0.6588371
30,30,19,-0.738849,0.7902214,0.5910792
30,30,20,0.08005552,0.84675837,-0.067787685
30,30,21,0.16630946,1.5356052,-0.19957136
30,30,22,-0.4131077,1.0775315,0.44513655
30,30,23,-0.43575415,0.90057313,0.3924285
30,30,24,-0.46984217,0.71093106,0.37587374
30,30,25,0.72980714,0.9136247,-0.6667698
30,30,26,0.5094798,1.1730044,-0.59762204
30,30,27,0.029388394,0.547076,-0.016077684
30,30,28,-0.26294577,0.3652607,0.21035662
30,30,29,0.18204369,1.1843716,-0.21560737
30,30,30,-0.56390357,0.49918005,0.45112285
30,30,31,-0.7536169,0.10013183,0.60289353
30,30,32,-0.54262537,0.7176757,0.4341003
30,30,33,-0.43354338,0.6090852,0.34683472
30,30,34,-0.3242723,1.008821,0.3271327
30,30,35,-0.6982549,0.58475775,0.55860394
30,30,36,-1.1777972,0.7635845,0.9422378
30,30,37,-1.0740709,0.6594976,0.85925674
30,30,38,-1.8587674,0.79085314,1.4870139
30,30,39,-1.5678891,0.71705896,1.2543113
31,31,0,-0.8780816,0.7897264,0.7024653
31,31,1,-0.5059104,0.65733695,0.40472832
31,31,2,0.20267563,0.51950115,-0.10529022
31,31,3,-0.007929997,0.6238479,0.0063439975
31,31,4,0.29575443,0.7728462,-0.2285727
31,31,5,0.043323364,1.257423,-0.05198804
31,31,6,-0.12322003,0.78845817,0.098576024
31,31,7,-1.1235186,0.68414116,0.89881486
31,31,8,-1.1579875,0.8369604,0.96918964
31,31,9,-1.4710143,0.8513779,1.2523891
31,31,10,-0.87062514,0.9355017,0.8144713
31,31,11,-0.83050334,0.47849882,0.66440266
31,31,12,-1.1631851,0.7713257,0.93054813
31,31,13,-0.9207129,0.83427167,0.7681247
31,31,14,-0.79629636,1.2263747,0.97655773
31,31,15,-0.9173707,0.8233553,0.75532204
31,31,16,-0.27257589,0.5873205,0.21806072
31,31,17,1.9820921,1.4485369,-2.3785107
31,31,18,2.6203258,1.1730067,-3.0736597
31,31,19,2.75662,1.0738466,-2.960187
31,31,20,0.9964874,0.5153699,-0.5135596
31,31,21,-0.5446698,0.7934035,0.43573585
31,31,22,-1.3425413,0.85296106,1.1451355
31,31,23,0.40322492,0.76760876,-0.30951896
31,31,24,-0.13077758,0.84214705,0.11013395
31,31,25,-0.13508107,1.1091689,0.14982772
31,31,26,0.57183933,1.1682469,-0.6680495
31,31,27,-0.20859422,0.49558997,0.16687538
31,31,28,0.9425409,1.3700706,-1.1310492
31,31,29,0.5143839,1.2040534,-0.6172607
31,31,30,0.4333782,1.6557741,-0.52005386
31,31,31,0.97366625,1.2008163,-1.1683996
31,31,32,0.81174123,1.1644338,-0.945219
31,31,33,-0.47364593,0.9865162,0.46725938
31,31,34,-0.9322719,0.80167484,0.74737895
31,31,35,-0.39325023,0.99477136,0.39119408
31,31,36,-0.2458369,1.1277161,0.27723423
31,31,37,0.6352893,1.5490264,-0.7623472
31,31,38,1.0500785,1.0738794,-1.1276577
31,31,39,0.21218297,0.46201378,-0.098031454
32,32,0,0.826947,1.6235365,-0.9923364
32,32,1,3.1324315,1.210994,-3.758918
32,32,2,3.2192292,1.2428323,-3.8630753
32,32,3,1.564223,1.2094526,-1.8770677
32,32,4,0.95274734,1.1977522,-1.1411552
32,32,5,-1.4859679,0.83089197,1.2346787
32,32,6,-0.78129,0.50332236,0.625032
32,32,7,0.17447524,1.4842632,-0.2093703
32,32,8,0.14215502,0.90395904,-0.12850231
32,32,9,0.60170287,1.2252414,-0.72204345
32,32,10,0.25253236,1.193634,-0.3014312
32,32,11,-0.21537574,1.0971744,0.23630475
32,32,12,-0.22115839,1.1405741,0.2522475
32,32,13,-1.3030272,1.0939168,1.4254032
32,32,14,-0.6317292,1.2164958,0.76849586
32,32,15,-2.1370265,0.69582534,1.7096213
32,32,16,-0.95308197,0.80000913,0.7624743
32,32,17,-1.1350644,0.8658076,0.9827473
32,32,18,-0.34977248,0.67465633,0.279818
32,32,19,-0.4829189,0.82095844,0.39645633
32,32,20,-0.21646826,1.2653711,0.27391267
32,32,21,0.19025864,0.7927976,-0.1508366
32,32,22,0.40508986,0.6968331,-0.28228
32,32,23,0.31053007,0.52778125,-0.16389194
32,32,24,0.036262605,0.94336283,-0.034208793
32,32,25,0.19634597,1.1926975,-0.23418136
32,32,26,-0.11201588,0.76874334,0.08961271
32,32,27,-0.03363303,1.206305,0.040571693
32,32,28,0.022878103,0.5933795,-0.013575397
32,32,29,-0.3439844,1.0972058,0.37742165
32,32,30,-0.41928348,0.8687496,0.36425236
32,32,31,-0.5531754,1.3479719,0.7456649
32,32,32,-0.6994467,0.88913345,0.62190145
32,32,33,-0.5069646,0.66247326,0.4055717
32,32,34,-0.31242996,0.53744555,0.24994397
32,32,35,-0.18126823,1.3029324,0.23618025
32,32,36,0.2433031,1.0440098,-0.25401083
32,32,37,0.18096305,0.7505717,-0.13582575
32,32,38,0.21367732,0.83582693,-0.17859726
32,32,39,0.4093342,1.144094,-0.46831682
33,33,0,-2.588493,0.63656074,2.0707946
33,33,1,-2.546881,0.7826367,2.037505
33,33,2,-2.2108598,0.535836,1.7686878
33,33,3,-2.0402207,0.67670095,1.6321766
33,33,4,-1.107247,0.79082716,0.8857976
33,33,5,-0.78748286,0.72077596,0.6299863
33,33,6,0.2914194,0.8958541,-0.26106927
33,33,7,0.06116625,1.132927,-0.06929689
33,33,8,0.19652909,0.8977562,-0.17643522
33,33,9,-0.5772173,0.66885066,0.46177384
33,33,10,-1.0348037,0.7991482,0.827843
33,33,11,-0.13451762,1.0315235,0.1387581
33,33,12,0.45305154,0.8816225,-0.39942044
33,33,13,1.0039564,1.2865418,-1.2047478
33,33,14,1.1385262,1.2096885,-1.3662314
33,33,15,0.81487703,1.2106857,-0.97785246
33,33,16,1.1513804,1.192614,-1.3731524
33,33,17,1.1438612,1.1968502,-1.3690305
33,33,18,1.2713903,1.0708404,-1.361456
33,33,19,1.1655916,1.1307368,-1.3179773
33,33,20,0.4956907,1.0193849,-0.5052996
33,33,21,0.9027445,1.1828765,-1.0678352
33,33,22,0.75930077,0.9329843,-0.7084157
33,33,23,0.44097152,0.99206847,-0.43747395
33,33,24,0.14338565,1.1608237,-0.16644546
33,33,25,0.10627054,1.0824184,-0.115029186
33,33,26,0.04448982,1.0429008,-0.04639847
33,33,27,-0.11535937,1.0202233,0.117692314
33,33,28,0.016526109,1.2179061,-0.019831331
33,33,29,0.0028583456,0.9530053,-0.0027240186
33,33,30,-0.041956116,1.1690382,0.0490483
33,33,31,-0.5831904,0.7931606,0.46655232
33,33,32,-0.009163795,1.168793,0.010710579
33,33,33,-0.30144227,1.2814815,0.3862927
33,33,34,0.3728239,1.1379247,-0.4242455
33,33,35,1.0031513,0.79885185,-0.80136925
33,33,36,0.972198,1.0201162,-0.99175495
33,33,37,0.13871488,1.1955895,-0.16584606
33,33,38,0.27937996,1.0007308,-0.2795841
33,33,39,-0.29141977,0.8077071,0.23538181
34,34,0,-1.41349,0.8357082,1.1812652
34,34,1,-1.3491546,0.70712245,1.0793236
34,34,2,-1.1305406,0.8420499,0.9519716
34,34,3,-1.1334397,0.32510915,0.90675175
34,34,4,-0.3932634,0.5018351,0.31461072
34,34,5,-0.44732895,1.4960927,0.6692456
34,34,6,-0.24488714,1.089278,0.2667502
34,34,7,-0.06278384,0.5851579,0.050227072
34,34,8,-0.0064016506,1.008066,0.006453287
34,34,9,-1.2161548,0.7598977,0.9729239
34,34,10,-0.97185296,0.7996598,0.7774824
34,34,11,-1.2679147,0.94540864,1.1986974
34,34,12,-0.7570486,1.0621687,0.8041133
34,34,13,-0.7465636,1.2758368,0.95249337
34,34,14,-1.0163602,0.8732992,0.8875865
34,34,15,-0.6029301,0.834068,0.50288475
34,34,16,-0.5489637,1.0483708,0.57551754
34,34,17,-0.60665894,0.94882107,0.57561076
34,34,18,-0.044926643,1.0322857,0.04637713
34,34,19,1.9108601,0.8805814,-1.6826677
34,34,20,2.49158,1.2505676,-2.989896
34,34,21,2.5552518,1.1948175,-3.0530598
34,34,22,1.0612954,1.2258731,-1.2735546
34,34,23,-0.24240276,0.9211483,0.2232889
34,34,24,-0.8854188,0.8143988,0.721084
34,34,25,0.64286476,0.7631855,-0.49062505
34,34,26,0.1735253,1.0650874,-0.18481962
34,34,27,0.22589362,0.8812757,-0.19907455
34,34,28,0.83583754,0.9223328,-0.7709204
34,34,29,0.1813198,0.7691984,-0.1394709
34,34,30,1.0979186,1.0827881,-1.1888132
34,34,31,0.73184997,0.8168451,-0.59780806
34,34,32,0.6499155,1.2130758,-0.77989864
34,34,33,1.1351101,0.9967095,-1.1313751
34,34,34,0.9763443,0.9394892,-0.9172649
34,34,35,-0.1188762,0.9929288,0.1180356
34,34,36,-0.4512818,1.1367159,0.51297915
34,34,37,0.00639717,0.8825827,-0.005646032
34,34,38,0.116306685,1.1280947,-0.13120495
34,34,39,0.8663681,1.2067066,-1.0396417
35,35,0,-0.39915144,0.92686373,0.369959
35,35,1,-0.03483169,1.1236603,0.03913899
35,35,2,0.7820095,1.1872939,-0.9284751
35,35,3,-0.09797477,1.0710304,0.104933955
35,35,4,-0.3042894,0.8795,0.26762253
35,35,5,0.70103645,1.1911848,-0.83506393
35,35,6,0.72476065,0.5677141,-0.41145682
35,35,7,1.1003631,1.2508061,-1.3204358
35,35,8,0.46514225,1.1016829,-0.51243925
35,35,9,0.6513099,1.4440472,-0.7815719
35,35,10,-0.7954732,0.8432674,0.67079663
35,35,11,0.06753725,0.84363496,-0.056976784
35,35,12,0.0913711,1.0445725,-0.09544373
35,35,13,0.009518342,0.9273686,-0.008827011
35,35,14,-1.6690266,0.7925648,1.3352213
35,35,15,-0.6493734,1.0934881,0.7100821
35,35,16,0.07205706,0.8378269,-0.060371343
35,35,17,0.5592719,1.0939856,-0.61183536
35,35,18,0.72375536,1.3233289,-0.8685065
35,35,19,0.4022011,0.90518576,-0.3640667
35,35,20,0.9126013,0.99701566,-0.9098778
35,35,21,2.2086873,1.2115659,-2.650425
35,35,22,2.0410585,0.9262487,-1.8905278
35,35,23,0.7426588,1.2000058,-0.8911906
35,35,24,0.52425474,1.124326,-0.58943325
35,35,25,-0.5875497,1.0131675,0.59528625
35,35,26,-1.8927901,0.68123937,1.514232
35,35,27,-0.65405977,1.1659774,0.7626189
35,35,28,0.8580809,0.9762548,-0.8377056
35,35,29,-0.8280365,0.7311518,0.6624292
35,35,30,-0.30034423,1.0662471,0.32024115
35,35,31,0.7064378,1.0266747,-0.7252819
35,35,32,0.77911824,0.8660182,-0.67473054
35,35,33,0.86855185,1.2354571,-1.0422623
35,35,34,-0.35519463,0.8300354,0.29482412
35,35,35,-1.0025921,0.8076451,0.8097386
35,35,36,-0.97952485,0.48143882,0.7836199
35,35,37,-1.8018763,0.801577,1.4443426
35,35,38,-1.7567778,0.81077284,1.4243476
35,35,39,-1.8829184,0.7764612,1.5063347
36,36,0,2.6208055,1.1994932,-3.1436384
36,36,1,2.1113033,0.94303316,-1.991029
36,36,2,1.1531067,1.1355555,-1.3094167
36,36,3,1.1626784,1.2073478,-1.3952141
36,36,4,0.5415277,1.2119263,-0.64983326
36,36,5,1.8096037,1.0895367,-1.9716296
36,36,6,0.095346875,1.0682186,-0.10185131
36,36,7,0.6773447,1.2087812,-0.81281364
36,36,8,-0.030535597,0.572976,0.024428478
36,36,9,0.29018843,0.9443543,-0.2740407
36,36,10,0.6650415,1.2569609,-0.79804987
36,36,11,0.58647573,0.9443354,-0.5538298
36,36,12,1.4431812,0.9670962,-1.395695
36,36,13,1.1358628,1.0997148,-1.2491251
36,36,14,0.7319404,1.1022053,-0.80674857
36,36,15,0.6034961,1.0712557,-0.6464986
36,36,16,0.07249819,1.0305457,-0.07471269
36,36,17,0.07658129,0.86440545,-0.06619728
36,36,18,-0.102994874,1.2679821,0.13059565
36,36,19,-0.7676891,0.6267653,0.6141513
36,36,20,-0.9121297,0.78754,0.7297038
36,36,21,0.49157757,0.84546006,-0.4156092
36,36,22,0.20949318,1.0060138,-0.21075301
36,36,23,-0.2837898,0.95084286,0.26983953
36,36,24,-0.34151804,0.968139,0.33063695
36,36,25,-1.1700299,0.78372717,0.9360239
36,36,26,-1.0480267,0.81399506,0.85308856
36,36,27,-0.9432488,0.83246356,0.78522027
36,36,28,-0.7305784,0.75593317,0.58446276
36,36,29,-0.80161023,0.7185797,0.6412882
36,36,30,-0.82276464,0.7221495,0.6582117
36,36,31,-0.93324155,0.963302,0.8989935
36,36,32,-0.7316886,0.6302694,0.58535093
36,36,33,-0.8977968,0.7229928,0.71823746
36,36,34,-0.9844333,0.7812571,0.78754663
36,36,35,-0.83461225,0.39894453,0.6676898
36,36,36,-0.6821363,0.8630513,0.5887186
36,36,37,-0.7955885,0.64859414,0.6364708
36,36,38,-1.055846,1.0051396,1.0612726
36,36,39,-1.6077958,0.6646492,1.2862366
37,37,0,-1.3998475,0.77827513,1.119878
37,37,1,-1.1271433,0.5439356,0.9017146
37,37,2,-1.5315411,0.5791396,1.225233
37,37,3,-1.6790056,0.8165682,1.3710226
37,37,4,-1.8104091,0.6257697,1.4483273
37,37,5,-1.6026016,0.7565364,1.2820814
37,37,6,-1.9581261,0.49333006,1.5665009
37,37,7,-1.6201613,0.6516635,1.2961291
37,37,8,0.06084821,1.1913357,-0.07249064
37,37,9,-0.16583297,0.49292138,0.13266638
37,37,10,0.22284189,0.5824755,-0.12979993
37,37,11,0.6263698,1.6697626,-0.7516438
37,37,12,0.9326982,1.4135566,-1.1192379
37,37,13,-0.0756241,0.74702615,0.06049928
37,37,14,0.20526154,0.9198688,-0.1888137
37,37,15,0.13162217,0.507609,-0.0668126
37,37,16,-0.22414532,0.8158112,0.18286027
37,37,17,-0.18879238,1.0421268,0.19674559
37,37,18,-0.71069425,0.73787326,0.5685554
37,37,19,0.6408568,1.1263065,-0.7218012
37,37,20,0.075984605,0.78403705,-0.059574746
37,37,21,-0.32583705,0.7711875,0.26066965
37,37,22,-0.3872129,0.6968038,0.30977032
37,37,23,-0.63940763,0.84683836,0.54147494
37,37,24,-0.6739862,0.9893375,0.66679984
37,37,25,0.7694765,0.9025235,-0.6944706
37,37,26,0.48418677,0.92568886,-0.4482063
37,37,27,0.39359567,1.095873,-0.43133086
37,37,28,1.0204529,1.2103192,-1.2245435
37,37,29,1.6883987,0.98239696,-1.6586778
37,37,30,1.3024455,1.1939061,-1.5549977
37,37,31,1.6794463,1.1303859,-1.8984225
37,37,32,1.0358081,0.88033533,-0.91185844
37,37,33,1.4616537,1.1829882,-1.7291191
37,37,34,0.80192655,1.0538505,-0.8451107
37,37,35,0.3414672,1.1927185,-0.40727425
37,37,36,0.76377565,1.235506,-0.9165308
37,37,37,0.61335593,0.9079407,-0.5568908
37,37,38,0.24729827,0.78126305,-0.193205
37,37,39,0.62060237,0.89175534,-0.5534255
38,38,0,-0.7531967,0.8091434,0.60944414
38,38,1,-0.5487889,1.0161324,0.55764216
38,38,2,0.008909366,0.56751734,-0.0050562196
38,38,3,-0.705721,1.0224918,0.721594
38,38,4,-0.69937116,0.7806769,0.55949694
38,38,5,-0.72418207,0.84952223,0.61520875
38,38,6,-0.59729064,0.71873564,0.47783253
38,38,7,-0.3950223,1.0389448,0.41040638
38,38,8,-0.8411185,0.9055613,0.7616844
38,38,9,-0.05002282,1.3077937,0.065419525
38,38,10,-1.0109416,1.1160387,1.12825
38,38,11,-1.4358282,0.959918,1.3782774
38,38,12,-1.361897,0.89270496,1.2157722
38,38,13,-0.23071685,1.0240477,0.23626508
38,38,14,-0.095247,1.1224024,0.10690547
38,38,15,-0.4891585,1.0413642,0.50939214
38,38,16,0.49855104,1.2488472,-0.5982613
38,38,17,1.7485503,0.95763487,-1.6744727
38,38,18,0.86840576,0.88658226,-0.76991314
38,38,19,0.90043956,1.1439271,-1.0300372
38,38,20,1.4758123,1.1879106,-1.753133
38,38,21,1.6350647,1.1157929,-1.8243935
38,38,22,2.6355112,1.3266009,-3.1626136
38,38,23,1.8591361,1.2120848,-2.2309635
38,38,24,0.55537724,0.8489339,-0.47147855
38,38,25,1.418164,0.78643113,-1.1152884
38,38,26,0.6814968,0.70180833,-0.47828013
38,38,27,-0.0016575804,0.8043023,0.0013331957
38,38,28,0.5620722,1.2154375,-0.6744867
38,38,29,0.4667325,1.1764572,-0.5490908
38,38,30,0.92894757,1.2091811,-1.1147372
38,38,31,-0.4085078,0.9784895,0.3997206
38,38,32,-0.28018206,0.9412613,0.26372454
38,38,33,-0.20587607,0.80094045,0.16489448
38,38,34,-0.6777559,0.781982,0.54220474
38,38,35,-0.8533005,0.8488294,0.7243065
38,38,36,-1.6130735,0.82602584,1.3324404
38,38,37,-0.9455615,0.78179336,0.7564492
38,38,38,-0.73275536,0.81651956,0.5983091
38,38,39,-0.5859956,1.370019,0.8028251
39,39,0,0.9787355,1.1617628,-1.1370585
39,39,1,1.326523,1.1012113,-1.460782
39,39,2,2.1303382,1.2019597,-2.556406
39,39,3,1.5213116,0.96176785,-1.4631486
39,39,4,0.76442164,0.99531037,-0.7608368
39,39,5,0.7597037,0.8461669,-0.64283615
39,39,6,1.2056352,1.2090254,-1.4467623
39,39,7,1.122566,1.0588509,-1.18863
39,39,8,1.2433157,1.1932828,-1.4836273
39,39,9,1.4403902,1.203499,-1.7284683
39,39,10,0.8423438,0.8829614,-0.74375707
39,39,11,0.66869915,1.9352736,-0.80243903
39,39,12,0.4931042,0.8483964,-0.41834784
39,39,13,0.13385196,1.4049464,-0.16062236
39,39,14,-0.08460284,0.7747751,0.06768227
39,39,15,-0.40894222,0.6289346,0.32715377
39,39,16,-0.3639748,0.8033801,0.2924101
39,39,17,-0.2609181,1.016332,0.26517943
39,39,18,-0.27041852,0.5044348,0.21633482
39,39,19,-0.13160262,0.47341374,0.10528209
39,39,20,-0.098068506,1.1516968,0.112945184
39,39,21,-0.6002459,0.8080418,0.48502377
39,39,22,-0.25943443,0.88630855,0.22993895
39,39,23,-0.3573871,1.0241325,0.36601174
39,39,24,-0.7842,0.9592619,0.7522532
39,39,25,-0.9258489,0.5874112,0.74067914
39,39,26,-1.4432418,1.052896,1.5195836
39,39,27,-1.6317247,0.6987926,1.3053797
39,39,28,-1.4705617,0.80259323,1.1802629
39,39,29,-1.4172779,0.72562784,1.1338223
39,39,30,-1.7252766,0.6694928,1.3802212
39,39,31,-1.2421257,0.67844826,0.9937006
39,39,32,-1.1227412,0.5806056,0.898193
39,39,33,-1.4291615,0.8018484,1.145971
39,39,34,-0.024923345,0.764242,0.019938676
39,39,35,-0.11580348,0.7597195,0.092642784
39,39,36,-0.23685892,0.66246474,0.18948714
39,39,37,0.2706444,0.9003258,-0.24366812
39,39,38,0.7375312,0.8692533,-0.6411014
39,39,39,0.76622576,1.424591,-0.91947097
40,40,0,0.66643554,1.2100047,-0.7997227
40,40,1,0.7074589,0.8701745,-0.61561275
40,40,2,0.5079091,1.315363,-0.609491
40,40,3,0.40689307,0.8287746,-0.33722264
40,40,4,0.32391366,1.2052115,-0.3886964
40,40,5,0.42589265,0.92264247,-0.39294666
40,40,6,0.5148227,0.8515403,-0.4383923
40,40,7,0.8978181,1.6209079,-1.0773817
40,40,8,1.2656095,1.2559221,-1.5187315
40,40,9,1.1563289,1.1629579,-1.3447618
40,40,10,1.0875658,0.9091919,-0.988806
40,40,11,0.9919675,1.2159367,-1.190361
40,40,12,0.4055593,0.9393226,-0.38095102
40,40,13,0.037145697,0.8392808,-0.03117567
40,40,14,-0.49740732,0.8284944,0.41209918
40,40,15,-0.0650411,1.0224454,0.06650098
40,40,16,-0.6133344,0.8205655,0.50328106
40,40,17,-1.019452,0.7497601,0.8155616
40,40,18,-0.6949114,0.7740449,0.5559291
40,40,19,-1.1938275,0.8449563,1.0087321
40,40,20,-1.4068646,1.0484533,1.475032
40,40,21,-1.8220179,0.7681043,1.4576143
40,40,22,-1.9647466,0.7689864,1.5717973
40,40,23,-1.6354138,0.9253795,1.5133784
40,40,24,-1.5378782,0.7954802,1.2303026
40,40,25,-1.2959547,0.8891483,1.152296
40,40,26,-1.2154573,0.78607124,0.97236586
40,40,27,-1.1545902,0.8824431,1.0188602
40,40,28,-0.39389774,0.793816,0.3151182
40,40,29,1.5957856,1.2478538,-1.9149429
40,40,30,1.5412654,0.9156715,-1.4112928
40,40,31,0.2571499,0.9351039,-0.24046187
40,40,32,0.34236082,1.1470913,-0.39271912
40,40,33,1.4033127,1.0183389,-1.429048
40,40,34,1.0443743,1.2105229,-1.2532493
40,40,35,0.19156161,0.83393955,-0.1597508
40,40,36,0.44660065,1.1359676,-0.50732386
40,40,37,0.31974366,0.97394764,-0.3114136
40,40,38,-0.21280068,0.9622521,0.2047679
40,40,39,0.18611985,1.0741651,-0.19992346
41,41,0,0.7877253,0.9101132,-0.71691924
41,41,1,1.6695181,1.2068493,-2.0034218
41,41,2,1.6580911,1.274417,-1.9897094
41,41,3,1.3690931,1.2076529,-1.6429118
41,41,4,1.1175791,1.2322953,-1.341095
41,41,5,0.7929182,1.0108975,-0.80155903
41,41,6,0.8247223,0.7909957,-0.6523518
41,41,7,0.564537,1.2835639,-0.6774444
41,41,8,1.1280606,0.9594581,-1.0823269
41,41,9,0.8406671,1.2266666,-1.0088006
41,41,10,0.85398567,1.1556455,-0.9869047
41,41,11,0.051193412,0.7622232,-0.039020807
41,41,12,-0.05779125,0.6763468,0.046233002
41,41,13,0.032692846,1.1083502,-0.03623512
41,41,14,0.16923696,1.0927572,-0.18493491
41,41,15,0.83992267,1.5013481,-1.0079073
41,41,16,0.9273562,1.2102574,-1.1128274
41,41,17,0.8803963,1.2289113,-1.0564756
41,41,18,-0.0064979466,0.73070985,0.005198357
41,41,19,0.22044474,1.8459502,-0.2645337
41,41,20,-0.20867005,1.3548012,0.28270644
41,41,21,-0.5754382,0.35699004,0.46035057
41,41,22,-0.5475284,0.9617631,0.5265926
41,41,23,-0.7339855,0.6413778,0.5871884
41,41,24,-1.0593023,0.6580357,0.84744185
41,41,25,-1.2462697,0.80600536,1.0045
41,41,26,-1.4527571,0.7681596,1.1622057
41,41,27,-1.8046159,0.79162735,1.4436927
41,41,28,-1.8262748,0.71125996,1.4610199
41,41,29,-0.75267136,0.9661232,0.72717327
41,41,30,-1.2870314,0.96927804,1.2474912
41,41,31,-0.92375356,0.7945419,0.7390029
41,41,32,-1.4475224,0.859687,1.2444161
41,41,33,-0.7376797,0.980295,0.72314376
41,41,34,-0.80824846,0.7550722,0.64659876
41,41,35,-1.0235298,0.7567901,0.8188238
41,41,36,-0.6988805,0.91096026,0.63665235
41,41,37,0.29147896,0.91650677,-0.26714244
41,41,38,1.0451944,2.850254,-1.2542334
41,41,39,1.1336354,1.0602559,-1.2019436
42,42,0,-1.0757456,0.81700444,0.8788889
42,42,1,-0.4503853,0.9209247,0.41477096
42,42,2,1.3084977,1.2050468,-1.5701972
42,42,3,1.7795237,1.2558191,-2.1354287
42,42,4,1.8152313,1.1648912,-2.114547
42,42,5,0.44650567,1.0073363,-0.44978136
42,42,6,-0.7071156,0.8492513,0.6005188
42,42,7,-1.2795085,0.96622944,1.2362988
42,42,8,0.13337637,0.98048294,-0.13077326
42,42,9,-0.3583116,0.9355048,0.33520222
42,42,10,-0.3438073,0.6873755,0.27504584
42,42,11,0.19817828,1.3395505,-0.23781393
42,42,12,-0.46689257,1.2643915,0.590335
42,42,13,0.49457756,1.1587139,-0.5730739
42,42,14,0.15633577,0.90154374,-0.14094354
42,42,15,0.08163673,1.1714208,-0.09563096
42,42,16,0.50495064,1.1503823,-0.58088624
42,42,17,0.33833444,0.79775435,-0.26990777
42,42,18,-0.5808467,1.1045758,0.6415892
42,42,19,-0.76082635,0.77798235,0.6086611
42,42,20,-0.20689528,1.0365837,0.21446426
42,42,21,-0.26825225,0.80952007,0.21715558
42,42,22,0.4477914,0.79443264,-0.3557401
42,42,23,0.6436785,1.2029464,-0.7724142
42,42,24,0.034237325,1.0798671,-0.036971763
42,42,25,0.33229226,1.2305831,-0.39875072
42,42,26,1.7016673,1.1825991,-2.0123901
42,42,27,1.8282052,1.1101737,-2.0296254
42,42,28,1.5192332,0.93203896,-1.4159845
42,42,29,1.7701842,0.9311789,-1.6483582
42,42,30,0.63533634,1.6166124,-0.76240367
42,42,31,-0.13162638,0.73221034,0.105301104
42,42,32,-0.6958782,0.75605536,0.55670255
42,42,33,-0.9748603,1.046747,1.0204321
42,42,34,-1.1379529,0.8109975,0.92287695
42,42,35,-1.686518,0.8098009,1.3657438
42,42,36,-1.349931,0.7913454,1.0799448
42,42,37,-0.96093196,0.69477004,0.7687456
42,42,38,-1.2101375,0.4036614,0.96811
42,42,39,-1.523351,0.9313046,1.4187037
43,43,0,0.9689715,1.2101443,-1.1627659
43,43,1,1.14304,1.2171444,-1.371648
43,43,2,1.2599316,1.5472757,-1.511918
43,43,3,1.2794483,1.2153952,-1.535338
43,43,4,0.9700646,1.9769322,-1.1640775
43,43,5,0.79495966,1.6706856,-0.95395166
43,43,6,1.0631039,1.2023065,-1.2757248
43,43,7,0.9285149,1.0496554,-0.9746207
43,43,8,0.35425264,0.8766386,-0.31055152
43,43,9,0.6284577,1.0097961,-0.63461417
43,43,10,0.77214205,1.2288275,-0.9265705
43,43,11,0.41241184,0.7596599,-0.31329274
43,43,12,0.13596791,0.6567736,-0.08930014
43,43,13,-0.0023800223,1.5168047,0.0036100291
43,43,14,0.20761092,0.80485165,-0.16709599
43,43,15,0.75784975,1.2705665,-0.9094197
43,43,16,0.8027501,1.2554095,-0.96330017
43,43,17,0.9686257,1.1936921,-1.1562408
43,43,18,0.731872,2.0379543,-0.8782465
43,43,19,0.2546919,1.1820296,-0.30105338
43,43,20,-0.14982903,0.9679825,0.14503187
43,43,21,0.17088844,0.8100394,-0.13842636
43,43,22,0.009029328,1.082466,-0.009773941
43,43,23,0.08215639,0.84167695,-0.06914914
43,43,24,0.49434066,0.9921735,-0.4904717
43,43,25,0.4420037,1.2269549,-0.53040445
43,43,26,0.38093394,0.48522082,-0.18483707
43,43,27,0.07528235,0.9421702,-0.07092879
43,43,28,-0.34822568,0.4740137,0.27858055
43,43,29,-0.4639549,0.7198733,0.37116393
43,43,30,-0.6586759,0.90584725,0.5966598
43,43,31,-1.2493808,0.486799,0.9995047
43,43,32,-1.5041273,0.2568869,1.2033018
43,43,33,-1.3861866,0.4883055,1.1089493
43,43,34,-1.2728453,0.8371344,1.0655426
43,43,35,-1.2615609,0.5841404,1.0092487
43,43,36,-1.6113619,0.7946393,1.2890896
43,43,37,-2.2274656,0.082041405,1.7819725
43,43,38,-1.7414191,0.9631973,1.6773301
43,43,39,-2.2118897,0.52973276,1.7695118
44,44,0,-1.590593,0.4595077,1.2724744
44,44,1,-1.0869129,0.7922043,0.8695303
44,44,2,-0.13680632,0.47238052,0.10944506
44,44,3,-0.013383785,0.7604804,0.010707028
44,44,4,0.61056286,1.0614998,-0.64811236
44,44,5,0.47989,0.8258301,-0.3963076
44,44,6,0.17532267,1.401303,-0.21038722
44,44,7,0.92080605,1.2107353,-1.1049674
44,44,8,1.086224,1.4075737,-1.3034688
44,44,9,0.82646394,0.8794471,-0.7268313
44,44,10,0.7362565,1.2028679,-0.8835078
44,44,11,0.21061806,1.1504782,-0.24231151
44,44,12,0.11445287,0.6224556,-0.071241826
44,44,13,0.4279283,1.2662505,-0.513514
44,44,14,0.023347428,0.89250445,-0.020837683
44,44,15,0.42825612,0.94556755,-0.4049451
44,44,16,1.1047095,1.3232632,-1.3256514
44,44,17,0.9158671,0.95883703,-0.8781673
44,44,18,0.8932281,1.2372812,-1.0718738
44,44,19,1.3460363,1.2198159,-1.6152437
44,44,20,1.0030471,1.3535136,-1.2036566
44,44,21,1.0086595,1.2380873,-1.2103914
44,44,22,1.0167054,1.1976403,-1.2176473
44,44,23,0.8174994,1.0370517,-0.8477891
44,44,24,0.36503166,1.1543611,-0.42137834
44,44,25,0.07571114,0.76792014,-0.058140106
44,44,26,0.10980226,2.6015964,-0.13176271
44,44,27,-0.12368466,0.6831182,0.098947726
44,44,28,-0.24622181,0.95299894,0.23464912
44,44,29,0.11532923,0.7237454,-0.083468996
44,44,30,-0.30728197,0.82285494,0.25284848
44,44,31,-0.28233427,0.8243374,0.2327387
44,44,32,-0.64631283,0.64536226,0.51705027
44,44,33,-0.6193344,0.5446917,0.4954675
44,44,34,-0.69583595,0.7553257,0.55666876
44,44,35,-0.84267664,1.0167663,0.8568052
44,44,36,-1.1682111,0.6237927,0.9345689
44,44,37,-1.403391,0.6936176,1.1227129
44,44,38,-2.166517,0.79372835,1.7332137
44,44,39,-3.4822593,0.69685334,2.7858074
45,45,0,1.6290925,1.2254062,-1.954911
45,45,1,2.277893,1.2952524,-2.7334719
45,45,2,2.4559717,1.3249547,-2.9471662
45,45,3,1.9846584,0.99373686,-1.9722282
45,45,4,1.0000451,1.2067958,-1.2000542
45,45,5,0.7628104,1.2279365,-0.91537255
45,45,6,0.56500787,0.9283114,-0.52450323
45,45,7,0.8216355,1.2664727,-0.9859626
45,45,8,0.107306644,0.94934916,-0.101871476
45,45,9,0.053535264,1.106678,-0.059246298
45,45,10,-0.158616,1.062541,0.168536
45,45,11,-0.48063883,1.0471803,0.5033155
45,45,12,-0.4670249,1.0208164,0.47674668
45,45,13,0.21181141,0.9720876,-0.20589925
45,45,14,0.3973924,1.3614514,-0.4768709
45,45,15,-0.47340894,0.8687405,0.41126952
45,45,16,-0.5245338,0.85002345,0.44586605
45,45,17,0.1073484,1.023938,-0.109918095
45,45,18,0.5654127,1.1966926,-0.6766252
45,45,19,0.9332272,1.2062423,-1.1198727
45,45,20,0.5484112,1.1610645,-0.63674074
45,45,21,0.8770068,1.410384,-1.0524082
45,45,22,0.52997196,1.060536,-0.56205434
45,45,23,-0.24098401,0.79186934,0.19278722
45,45,24,-0.53575957,0.8792459,0.4710644
45,45,25,-0.90335065,0.7727788,0.7226805
45,45,26,-1.133233,0.8252558,0.93520707
45,45,27,-1.7045606,0.6671974,1.3636485
45,45,28,-1.5974299,0.7439559,1.277944
45,45,29,-1.0372806,1.0636395,1.1032926
45,45,30,-1.0824169,1.0052254,1.088073
45,45,31,-0.6336707,1.0638175,0.67411
45,45,32,-0.9456572,0.67369,0.75652575
45,45,33,-0.23814967,0.8342211,0.1986695
45,45,34,0.13396527,0.6772552,-0.09072868
45,45,35,-0.86008245,0.85349685,0.73407763
45,45,36,-1.2796426,0.7943082,1.0237141
45,45,37,-0.39925465,1.0114824,0.40383902
45,45,38,-0.6923135,0.66259074,0.5538508
45,45,39,-0.57449496,0.9053278,0.52010626
46,46,0,1.7863156,1.1765654,-2.101717
46,46,1,2.115735,1.2174003,-2.5388823
46,46,2,1.1712033,1.3291298,-1.4054439
46,46,3,0.9015689,1.0001297,-0.90168583
46,46,4,0.56098855,1.230068,-0.6731863
46,46,5,0.43521565,1.6529689,-0.5222588
46,46,6,0.24815857,0.9304732,-0.2309049
46,46,7,0.4656381,0.9659113,-0.44976512
46,46,8,0.44504598,1.1228783,-0.49973246
46,46,9,-0.11246577,0.84551084,0.09509103
46,46,10,-0.0539937,1.0187323,0.055005126
46,46,11,0.045641124,1.325794,-0.054769352
46,46,12,0.581238,0.9204914,-0.5350245
46,46,13,0.6524402,1.1207225,-0.73120445
46,46,14,0.26907864,1.4737719,-0.3228944
46,46,15,0.21009737,0.99067014,-0.2081372
46,46,16,0.27025914,1.030987,-0.27863365
46,46,17,1.2468255,1.261999,-1.4961905
46,46,18,1.1637266,0.9453825,-1.1001667
46,46,19,0.8671276,1.1951746,-1.0363688
46,46,20,0.677191,0.9834553,-0.6659871
46,46,21,0.9892649,1.2111968,-1.1871179
46,46,22,0.46174923,1.2649469,-0.5540991
46,46,23,0.20648417,1.1536958,-0.23821992
46,46,24,0.28849295,0.98193663,-0.2832818
46,46,25,0.039261367,0.97908366,-0.038440164
46,46,26,-0.06499,0.9251117,0.060123008
46,46,27,-0.39299467,0.86544025,0.3401134
46,46,28,-0.64699286,0.97797686,0.6327441
46,46,29,-0.9088581,0.7969943,0.7270865
46,46,30,-0.9848658,0.8706888,0.8575116
46,46,31,-1.3484217,0.6068512,1.0787374
46,46,32,-1.4609581,0.882523,1.2893292
46,46,33,-1.7304485,0.7486855,1.3843588
46,46,34,-1.8728347,0.34007716,1.4982678
46,46,35,-1.8525555,0.7566937,1.4820445
46,46,36,-1.2667952,0.47095776,1.0134362
46,46,37,-1.0700425,0.63070893,0.856034
46,46,38,-1.0419561,0.77983755,0.8335649
46,46,39,-1.2895777,0.66881335,1.0316622
47,47,0,1.8687251,1.2393856,-2.2424703
47,47,1,2.028239,1.4475356,-2.433887
47,47,2,1.7604,1.6578503,-2.1124802
47,47,3,1.5853419,1.1118947,-1.7627333
47,47,4,0.9627877,1.1243602,-1.0825201
47,47,5,0.8574887,1.2020594,-1.0289865
47,47,6,0.755554,1.2124732,-0.90666485
47,47,7,1.1859344,1.3383483,-1.4231213
47,47,8,1.0115304,1.2095971,-1.2138366
47,47,9,1.0068723,1.2289903,-1.2082468
47,47,10,0.6670849,0.8634804,-0.5760147
47,47,11,0.41155392,0.9559949,-0.39344344
47,47,12,0.44673374,1.3313353,-0.53608054
47,47,13,0.3764965,1.032203,-0.3886208
47,47,14,0.9003232,1.4291359,-1.080388
47,47,15,0.44679493,0.6670724,-0.29804456
47,47,16,0.4475233,0.20811133,-0.09313467
47,47,17,0.4123463,1.3802817,-0.4948156
47,47,18,-0.15686686,0.22894736,0.1254935
47,47,19,-0.14983822,0.6056532,0.11987058
47,47,20,-0.51383173,0.01147513,0.4110654
47,47,21,-0.31305918,0.13338128,0.25044736
47,47,22,-0.21536438,1.1708884,0.25216767
47,47,23,-0.3111465,0.14741492,0.2489172
47,47,24,-0.6953392,0.2846151,0.5562714
47,47,25,-0.7430567,0.17878258,0.5944454
47,47,26,-0.6720291,0.3246543,0.5376233
47,47,27,-0.47103965,0.081994906,0.37683174
47,47,28,-0.73830694,0.035942245,0.59064555
47,47,29,-0.73031485,0.08064801,0.5842519
47,47,30,-0.32855183,0.5324094,0.26284146
47,47,31,-0.7270461,0.013118252,0.58163685
47,47,32,-1.0621604,0.7861391,0.8497283
47,47,33,-1.3473274,0.8018614,1.0803698
47,47,34,-1.2223666,0.39369062,0.9778933
47,47,35,-0.9517353,0.17513478,0.76138824
47,47,36,-1.3252246,0.10884009,1.0601797
47,47,37,-1.3892529,0.18053396,1.1114024
47,47,38,-1.7027688,0.024091002,1.362215
47,47,39,-1.3651017,0.17007798,1.0920814
48,48,0,1.22412,1.2102401,-1.4689441
48,48,1,0.6869938,0.9284925,-0.6378686
48,48,2,1.1807079,1.4511611,-1.4168496
48,48,3,0.7362306,1.3613826,-0.8834768
48,48,4,0.45822653,1.1930877,-0.5467044
48,48,5,0.06915502,0.5847915,-0.040441267
48,48,6,0.5821778,1.2063419,-0.6986134
48,48,7,0.59860325,1.0875424,-0.6510064
48,48,8,0.9175356,1.3097211,-1.1010427
48,48,9,-0.34750494,1.0020821,0.34822848
48,48,10,-0.7000505,1.1116103,0.77818334
48,48,11,-0.13117138,0.7466077,0.1049371
48,48,12,-1.2533531,0.79703534,1.0026826
48,48,13,-0.9621794,0.7832288,0.76974356
48,48,14,-0.8936893,0.8862162,0.79200196
48,48,15,0.40924114,0.7873767,-0.32222694
48,48,16,0.11052331,0.8121203,-0.089758225
48,48,17,-0.14640884,0.7524864,0.117127076
48,48,18,-0.3846752,0.8913332,0.34287378
48,48,19,-0.69790775,0.93527335,0.6527345
48,48,20,-0.320625,0.8129958,0.2606668
48,48,21,0.20190603,0.87009615,-0.17567766
48,48,22,0.37748072,1.1472992,-0.43308333
48,48,23,1.2368506,1.1729589,-1.4507749
48,48,24,0.1306626,1.3372332,-0.15679513
48,48,25,0.846208,1.1122142,-0.94116455
48,48,26,0.76946205,1.24619,-0.9233545
48,48,27,1.0275251,0.8563452,-0.87991613
48,48,28,1.0920159,1.2684393,-1.3104191
48,48,29,0.28694862,1.2986916,-0.34433836
48,48,30,-0.96586335,0.99414164,0.96020496
48,48,31,-0.13032775,0.7945495,0.104262196
48,48,32,-0.5550593,0.8077352,0.44834095
48,48,33,1.1061083,1.2074444,-1.32733
48,48,34,-0.006373956,1.3191229,0.008408031
48,48,35,0.66906685,0.93278897,-0.6240982
48,48,36,0.120658815,0.8335885,-0.1005798
48,48,37,-1.2947196,0.6686609,1.0357757
48,48,38,-2.7111359,0.77306813,2.1689088
48,48,39,-3.3373682,0.7815917,2.6698947
49,49,0,-0.57444936,1.0865078,0.6241437
49,49,1,0.35208473,1.0787416,-0.37980843
49,49,2,-0.04681964,0.9974712,0.04670124
49,49,3,-0.11644843,0.4936461,0.093158744
49,49,4,0.14110531,0.5873261,-0.082874835
49,49,5,0.83187854,1.1677058,-0.97138935
49,49,6,0.52191216,1.3940517,-0.6262946
49,49,7,-0.17634922,0.8311024,0.14656426
49,49,8,-0.15762563,1.2704937,0.20026238
49,49,9,-0.15883687,0.53911704,0.1270695
49,49,10,-0.1973326,0.7818459,0.15786609
49,49,11,-0.8902739,0.88745695,0.7900798
49,49,12,-0.82727754,0.8704107,0.7200712
49,49,13,-0.773859,0.6500128,0.6190872
49,49,14,-0.214889,1.4747419,0.31690583
49,49,15,-0.33935046,1.07756,0.36567047
49,49,16,0.6128209,1.0700355,-0.65574014
49,49,17,0.13252982,0.6268251,-0.08307302
49,49,18,0.11202044,0.6022109,-0.067459926
49,49,19,-0.3173853,1.2142283,0.38537818
49,49,20,-0.4741227,1.0123514,0.47997877
49,49,21,-0.5084028,0.7877919,0.40672228
49,49,22,-0.8396936,0.9401247,0.7894167
49,49,23,-0.23457809,0.8304406,0.19480316
49,49,24,-0.77455944,0.80313337,0.62207454
49,49,25,-0.07884836,0.7637454,0.063078694
49,49,26,-0.6553009,0.93831354,0.6148777
49,49,27,-0.15488978,1.799528,0.2787285
49,49,28,-1.1497986,0.8517726,0.97936696
49,49,29,-1.0633774,0.6520329,0.8507019
49,49,30,-0.6490464,0.56247425,0.51923716
49,49,31,-0.5278103,0.5510971,0.4222482
49,49,32,-0.045235038,1.1659696,0.05274268
49,49,33,-0.4574315,0.7037187,0.3659452
49,49,34,-0.10966107,1.3769526,0.1509981
49,49,35,0.17014572,1.3397849,-0.20417488
49,49,36,1.1213429,0.74888754,-0.8397597
49,49,37,1.9249738,1.238776,-2.3099687
49,49,38,2.2290053,1.0935509,-2.4375308
49,49,39,4.36383,1.2055061,-5.236596
50,50,0,1.591887,1.1277807,-1.7952994
50,50,1,1.5875263,1.5481724,-1.9050317
50,50,2,0.7579231,0.9792335,-0.74218374
50,50,3,-0.15781982,0.87579083,0.13821715
50,50,4,0.73864377,1.1954869,-0.88303894
50,50,5,1.8971993,1.3378295,-2.2766392
50,50,6,0.6577828,0.9183003,-0.6040421
50,50,7,0.9977296,1.2380265,-1.1972755
50,50,8,1.624743,1.2337463,-1.9496917
50,50,9,1.7847735,1.2128034,-2.1417282
50,50,10,1.8430772,1.2260801,-2.2116928
50,50,11,1.0166186,1.2130786,-1.2199423
50,50,12,0.43880746,1.691562,-0.52656895
50,50,13,0.63293,0.9862448,-0.6242239
50,50,14,0.0084577305,0.8366699,-0.0070763286
50,50,15,0.011482841,1.703923,-0.01377941
50,50,16,-0.045069396,1.1932118,0.053777337
50,50,17,0.5141206,0.87822473,-0.4515134
50,50,18,0.27559453,1.2073961,-0.33071345
50,50,19,-0.19311759,0.7372135,0.15449408
50,50,20,-0.17330842,1.0611451,0.18390538
50,50,21,-0.23308297,0.53459364,0.18646638
50,50,22,-0.28167066,0.9740303,0.27435577
50,50,23,-1.0690004,0.8171817,0.8735675
50,50,24,-1.3881397,0.493093,1.1105118
50,50,25,-0.8609609,0.80674016,0.69457173
50,50,26,-0.8753012,1.0116347,0.88548505
50,50,27,-0.5745011,0.91871154,0.5278008
50,50,28,-0.6298677,0.74383634,0.50389415
50,50,29,-1.091757,0.5071839,0.87340564
50,50,30,-1.094333,0.6993076,0.87546647
50,50,31,-0.7148103,1.1135238,0.79595834
50,50,32,-0.48499623,1.110323,0.53850245
50,50,33,-1.3555638,0.78526425,1.0844511
50,50,34,-0.9715725,1.0622077,1.0320119
50,50,35,-1.3278538,0.7532055,1.062283
50,50,36,-1.5293455,0.57239324,1.2234764
50,50,37,-0.91889566,0.85908663,0.789411
50,50,38,-0.4591029,0.59782755,0.36728233
50,50,39,0.050774556,1.1456394,-0.05816933
51,51,0,-0.15291692,0.983226,0.1503519
51,51,1,-0.25271085,1.514638,0.38276544
51,51,2,0.34421182,1.2652202,-0.4130542
51,51,3,0.028953442,0.8195457,-0.023728669
51,51,4,0.8687368,0.7430696,-0.6455319
51,51,5,0.772766,0.99688727,-0.7703606
51,51,6,1.253171,1.0106362,-1.2665
51,51,7,1.0960854,1.2071491,-1.3153026
51,51,8,-1.1595584,0.79915434,0.92764676
51,51,9,-0.8010539,0.8188457,0.6559395
51,51,10,0.45102736,1.263329,-0.5412329
51,51,11,0.80063397,1.1723943,-0.93865865
51,51,12,0.4662739,1.177423,-0.54900163
51,51,13,0.21417288,0.9536417,-0.2042442
51,51,14,0.39303568,1.0486994,-0.41217628
51,51,15,0.37128502,0.9744624,-0.3618033
51,51,16,0.5710567,0.9429041,-0.53845173
51,51,17,1.528985,1.0339296,-1.5808629
51,51,18,0.45560342,0.9466031,-0.4312756
51,51,19,0.60612386,1.1989573,-0.72671664
51,51,20,0.7776198,1.1777375,-0.915832
51,51,21,0.3775053,1.0216496,-0.38567814
51,51,22,0.21267255,1.027236,-0.2184649
51,51,23,0.68656456,1.1422101,-0.784201
51,51,24,0.49356246,1.092103,-0.5390211
51,51,25,1.2906045,1.2002575,-1.5487255
51,51,26,1.0325398,1.1737407,-1.2119341
51,51,27,1.2012209,0.98112786,-1.1785513
51,51,28,0.8827117,0.89484096,-0.7898866
51,51,29,-0.71525306,1.0203404,0.7298016
51,51,30,-1.0376498,0.9394274,0.9747966
51,51,31,-0.83866763,0.80398864,0.6742793
51,51,32,-1.5434134,0.84328264,1.3015337
51,51,33,-1.1538388,0.8217214,0.94813395
51,51,34,-1.5899316,0.79888153,1.2719454
51,51,35,-1.8213668,0.82987154,1.5115005
51,51,36,-1.9693449,1.0136826,1.9962906
51,51,37,-1.6417216,0.7642103,1.3133773
51,51,38,-1.38213,1.142361,1.5788915
51,51,39,-1.1175717,0.90089524,1.0068151
52,52,0,0.04373856,1.4535886,-0.052486274
52,52,1,-0.09487317,0.95435184,0.09054238
52,52,2,-0.60218275,0.5985101,0.4817462
52,52,3,0.21454279,0.9901646,-0.21243267
52,52,4,-0.19154653,0.78820163,0.15323722
52,52,5,0.20061213,0.7854691,-0.15757462
52,52,6,-0.3309708,0.6991872,0.26477665
52,52,7,-0.4943533,0.88487196,0.43743938
52,52,8,-0.6022805,0.70547354,0.4818244
52,52,9,-1.0257496,0.78281736,0.8205997
52,52,10,-0.98290664,0.90266424,0.8872347
52,52,11,-0.98274314,0.7813648,0.7861945
52,52,12,-0.6542619,0.6666301,0.52340955
52,52,13,-0.5479526,0.9128113,0.5001773
52,52,14,-0.6513398,0.81871724,0.53326315
52,52,15,-1.1341114,1.110953,1.2599444
52,52,16,-1.3301631,0.826568,1.0994703
52,52,17,-1.246282,0.9004784,1.1222501
52,52,18,-0.8947965,0.95652294,0.8558934
52,52,19,-1.0134177,1.120441,1.1354747
52,52,20,-1.1774045,0.753518,0.9419236
52,52,21,-0.7360628,0.87294364,0.64254135
52,52,22,-0.33829698,1.2929803,0.43741134
52,52,23,-0.33933267,0.95975214,0.32567525
52,52,24,-0.24596556,1.0678936,0.26266506
52,52,25,-0.25907677,0.97075033,0.25149888
52,52,26,0.22907443,0.98934126,-0.22663279
52,52,27,-0.04211402,1.1271253,0.047467776
52,52,28,0.21776342,1.0900719,-0.2373778
52,52,29,0.20543216,1.3587819,-0.2465186
52,52,30,0.38909325,0.91254324,-0.35506442
52,52,31,1.6689365,1.4128234,-2.002724
52,52,32,1.939871,0.9191958,-1.7831212
52,52,33,1.5172576,1.1253746,-1.707483
52,52,34,1.7609763,1.0920713,-1.9231117
52,52,35,1.4867722,0.72583044,-1.0791445
52,52,36,2.0167408,1.2367344,-2.420089
52,52,37,1.6572126,1.5732576,-1.9886552
52,52,38,1.8365229,1.2434459,-2.2038276
52,52,39,0.5336364,1.0842249,-0.57858187
53,53,0,-3.1843033,0.5769384,2.5474427
53,53,1,-2.3829458,0.58053696,1.9063567
53,53,2,-1.429595,0.7859933,1.143676
53,53,3,-1.2867677,0.69917256,1.0294142
53,53,4,-0.12805912,0.50221145,0.10244729
53,53,5,0.35243607,1.1736768,-0.41364604
53,53,6,0.27223638,1.0820701,-0.29457885
53,53,7,0.6954122,1.3952087,-0.8344947
53,53,8,0.71739054,1.6740764,-0.8608687
53,53,9,0.46822602,0.72541386,-0.33965763
53,53,10,1.327984,1.5470928,-1.5935808
53,53,11,1.1608936,1.2226839,-1.3930724
53,53,12,0.781195,1.7571238,-0.937434
53,53,13,1.2683642,1.1951467,-1.5158813
53,53,14,0.9955882,1.1760578,-1.1708692
53,53,15,0.8205337,1.2746042,-0.9846405
53,53,16,0.07951265,1.5378408,-0.09541518
53,53,17,-0.22612616,1.4649711,0.33126828
53,53,18,-0.2603643,0.7043744,0.20829144
53,53,19,-0.15916692,1.0348673,0.16471663
53,53,20,0.5904706,1.2153344,-0.70856476
53,53,21,0.15915383,0.92707103,-0.1475469
53,53,22,0.16410668,1.1649054,-0.19116877
53,53,23,0.66416454,1.2556909,-0.7969975
53,53,24,0.03214075,1.2235326,-0.038568903
53,53,25,1.0951821,1.2134026,-1.3142185
53,53,26,1.5602168,1.4585264,-1.8722602
53,53,27,0.9107663,0.6781177,-0.61760676
53,53,28,0.008990881,0.9069226,-0.008154033
53,53,29,-0.6480546,0.9957756,0.64531696
53,53,30,-0.39195082,0.6220613,0.31356066
53,53,31,0.19390656,1.1933244,-0.23139344
53,53,32,-0.73601204,0.79634356,0.58880967
53,53,33,0.09577653,1.0539782,-0.100946374
53,53,34,0.47312465,0.65385413,-0.3093545
53,53,35,0.025569325,2.0016878,-0.030683191
53,53,36,-0.8465726,0.73484164,0.6772581
53,53,37,-1.1564826,0.7544247,0.9251861
53,53,38,-1.017756,0.78261244,0.8142048
53,53,39,-1.059187,0.7223156,0.84734964
54,54,0,0.7732932,1.5173168,-0.9279519
54,54,1,0.81903756,2.6105213,-0.9828451
54,54,2,1.0970218,1.247846,-1.3164263
54,54,3,0.9845479,1.2538295,-1.1814575
54,54,4,0.7364531,3.0054653,-0.88374376
54,54,5,0.7055736,0.9265531,-0.6537514
54,54,6,0.7156315,1.2236924,-0.8587578
54,54,7,0.78336847,0.8821763,-0.69106907
54,54,8,0.0773235,0.6932772,-0.053606614
54,54,9,-0.13321158,0.97441125,0.12980287
54,54,10,-0.28161258,1.308254,0.36842078
54,54,11,-1.0192368,0.7799908,0.81538945
54,54,12,-0.66293883,0.55678344,0.5303511
54,54,13,-0.70245594,0.63753283,0.56196475
54,54,14,-1.2967107,0.4041633,1.0373687
54,54,15,-1.269659,0.7593504,1.0157273
54,54,16,-0.6464668,0.6287403,0.51717347
54,54,17,-0.45061693,0.8213289,0.3701047
54,54,18,0.46761274,1.1197621,-0.523615
54,54,19,0.9199333,1.0134777,-0.93233186
54,54,20,-0.33670068,0.97976273,0.32988676
54,54,21,0.796024,0.7012082,-0.55817854
54,54,22,0.8687754,0.9633677,-0.8369502
54,54,23,-0.0046462156,0.9740958,0.0045258594
54,54,24,0.28708476,0.82788825,-0.2376741
54,54,25,0.75300753,1.2874169,-0.9036091
54,54,26,1.5896521,1.2674018,-1.9075825
54,54,27,1.7111737,1.2481965,-2.0534084
54,54,28,1.7490952,1.2022382,-2.0989144
54,54,29,0.67507464,1.2974747,-0.8100896
54,54,30,0.6472151,1.0853857,-0.70247805
54,54,31,-0.13655145,0.8076709,0.110288635
54,54,32,-0.61901534,0.8086293,0.5005539
54,54,33,-0.6430339,0.5855049,0.5144271
54,54,34,-1.1392623,0.9960192,1.1347271
54,54,35,-1.8284857,0.8461344,1.5471448
54,54,36,-1.9086246,0.78724945,1.5268997
54,54,37,-1.2655753,0.80197614,1.0149612
54,54,38,-1.6732712,0.7979176,1.338617
54,54,39,-1.1388218,0.90200335,1.0272211
55,55,0,0.0001668574,0.85866565,-0.00014327471
55,55,1,-0.011407124,0.21499236,0.009125699
55,55,2,-0.7019622,0.7709926,0.56156975
55,55,3,-0.5532585,0.48765004,0.44260678
55,55,4,-7.287101e-05,1.0773911,7.851058e-05
55,55,5,-0.3287692,0.36160913,0.26301536
55,55,6,0.3126997,0.64010495,-0.20016062
55,55,7,0.3907892,1.4758176,-0.46894708
55,55,8,-0.19205734,0.83887625,0.16111234
55,55,9,0.589936,0.29700285,-0.17521268
55,55,10,0.14145422,3.0678923,-0.16974507
55,55,11,-0.34074724,0.6120411,0.2725978
55,55,12,0.30374563,0.9395112,-0.2853724
55,55,13,-0.47337717,0.49837804,0.37870175
55,55,14,1.1252797,1.1907592,-1.3399371
55,55,15,1.9646437,1.1979915,-2.3536265
55,55,16,2.2479575,1.8189172,-2.697549
55,55,17,1.4414661,1.6960915,-1.7297593
55,55,18,1.3544788,1.2156854,-1.6253747
55,55,19,0.67559534,1.7652677,-0.8107144
55,55,20,-0.59661776,0.6294786,0.4772942
55,55,21,-1.1347847,0.9026216,1.0242813
55,55,22,-1.7689326,0.43135488,1.4151461
55,55,23,-1.811199,0.88546014,1.6037445
55,55,24,-1.7879153,0.44093716,1.4303323
55,55,25,-1.9284298,0.790586,1.5427439
55,55,26,-0.6766306,0.9338128,0.6318463
55,55,27,0.39069325,0.62532765,-0.24431129
55,55,28,-0.5364091,0.7981539,0.42912728
55,55,29,-0.59392166,1.2610679,0.7489755
55,55,30,0.2667056,0.6542471,-0.17449138
55,55,31,0.5558991,1.1118815,-0.6180939
55,55,32,0.727481,1.1788179,-0.8575676
55,55,33,0.322814,0.49758163,-0.1606263
55,55,34,1.1869953,0.9825131,-1.1662384
55,55,35,1.0533228,1.8629342,-1.2639874
55,55,36,0.50509775,1.1133304,-0.5623407
55,55,37,0.074844606,0.92742765,-0.069412954
55,55,38,-0.9672847,1.0169802,0.98370934
55,55,39,-1.2282896,1.0525107,1.292788
56,56,0,0.99324286,1.0535848,-1.0464656
56,56,1,0.8529777,0.9934223,-0.8473671
56,56,2,0.8521173,0.7948917,-0.677341
56,56,3,1.3901657,1.2034221,-1.668199
56,56,4,0.20669617,0.87621146,-0.18110955
56,56,5,-0.07969399,0.92483115,0.07370348
56,56,6,0.90084743,0.7985418,-0.71936435
56,56,7,0.823085,1.4152575,-0.9877021
56,56,8,-0.4918091,0.9449611,0.46474046
56,56,9,0.15444006,1.14638,-0.17704698
56,56,10,1.0371301,1.2666502,-1.2445562
56,56,11,0.61185074,0.8448181,-0.51690257
56,56,12,-1.5815814,1.0046011,1.5888584
56,56,13,-0.72777766,0.8725416,0.63501626
56,56,14,-1.6384424,0.8366117,1.37074
56,56,15,-0.97170025,0.87083995,0.8461954
56,56,16,0.16495417,0.80984324,-0.13358702
56,56,17,-0.009202579,1.0466037,0.009631453
56,56,18,-0.7091374,1.0046729,0.7124511
56,56,19,0.028932244,0.87180716,-0.025223337
56,56,20,-0.22803675,0.91996133,0.20978498
56,56,21,-0.48686653,1.0536019,0.5129635
56,56,22,-1.2847555,1.0209863,1.3117177
56,56,23,-0.54900503,0.9573815,0.5256072
56,56,24,-1.1070108,0.7791544,0.8856087
56,56,25,-1.4021823,1.0705703,1.5011349
56,56,26,-2.1072495,0.76247877,1.6857996
56,56,27,-1.4256467,0.865943,1.2345288
56,56,28,0.52850384,1.1580174,-0.6120166
56,56,29,0.8928924,1.0591761,-0.9457303
56,56,30,2.0923486,1.1760136,-2.4606304
56,56,31,1.5163429,1.0612084,-1.6091558
56,56,32,1.4030782,0.99100655,-1.3904597
56,56,33,-0.39972362,1.0951746,0.43776715
56,56,34,0.09795451,0.8878387,-0.08696781
56,56,35,0.413682,1.04928,-0.4340683
56,56,36,-1.0757638,1.100468,1.1838437
56,56,37,0.73077965,1.0788044,-0.7883683
56,56,38,0.71163607,1.2183028,-0.8539633
56,56,39,-0.1280662,1.0890821,0.1394746
57,57,0,-1.0510489,0.7779887,0.8408391
57,57,1,-0.71952474,0.69323885,0.5756198
57,57,2,-1.0253932,0.84795845,0.86949086
57,57,3,-0.5229389,0.8773746,0.4588133
57,57,4,0.18293852,0.5940646,-0.1086773
57,57,5,-0.47889137,0.9390306,0.44969365
57,57,6,-0.5533536,0.4189372,0.4426829
57,57,7,-1.3701409,0.82080185,1.1246142
57,57,8,-1.1500115,0.76272297,0.92000926
57,57,9,-0.28242144,0.600657,0.22593716
57,57,10,0.40746006,0.89369327,-0.36414433
57,57,11,0.79313743,1.2163867,-0.95176494
57,57,12,0.24310991,1.1320693,-0.27521726
57,57,13,0.35491908,0.96510196,-0.34253308
57,57,14,-0.5125452,0.8715333,0.44670022
57,57,15,0.11601352,0.7332082,-0.085062064
57,57,16,0.25086486,1.097412,-0.2753021
57,57,17,0.19567701,0.59631974,-0.11668606
57,57,18,0.43432614,0.9355443,-0.40633136
57,57,19,0.7582609,1.4396003,-0.9099131
57,57,20,1.0447966,1.1758734,-1.2285485
57,57,21,1.0045137,0.9762951,-0.98070186
57,57,22,0.93623585,0.8988596,-0.84154457
57,57,23,0.76111364,1.1763635,-0.8953463
57,57,24,1.0077155,1.2311583,-1.2092586
57,57,25,0.7000086,1.0639391,-0.7447665
57,57,26,1.1017634,1.2500325,-1.3221161
57,57,27,1.0502784,1.612705,-1.2603341
57,57,28,0.9091568,1.1243445,-1.0222055
57,57,29,0.7247519,1.221724,-0.8697023
57,57,30,0.87667483,1.2357408,-1.0520098
57,57,31,0.43646947,0.9264795,-0.40438002
57,57,32,0.36791867,1.2032775,-0.44150242
57,57,33,0.46397206,0.7922489,-0.36758137
57,57,34,-0.030765766,1.1056541,0.034016296
57,57,35,0.17555767,0.58452606,-0.10261804
57,57,36,-0.08251279,0.8602463,0.07098132
57,57,37,-2.0203772,0.8101205,1.636749
57,57,38,-3.3850818,0.58982223,2.7080655
57,57,39,-2.1126263,0.8054669,1.7016505
58,58,0,0.5438996,1.4365797,-0.65267956
58,58,1,0.64445144,1.2606686,-0.7733418
58,58,2,0.5957165,1.1813028,-0.7037215
58,58,3,0.25192904,1.1983114,-0.30188945
58,58,4,-0.11189031,0.7986739,0.08951225
58,58,5,0.20766516,0.87658215,-0.18203557
58,58,6,0.4216878,0.81103075,-0.34200177
58,58,7,-0.24981846,0.4571791,0.19985478
58,58,8,0.15227005,1.3159126,-0.18272406
58,58,9,0.3825219,0.6697318,-0.25618708
58,58,10,0.5922985,1.3533045,-0.7107582
58,58,11,0.489176,1.1567442,-0.5658515
58,58,12,0.28400528,1.3557686,-0.34080637
58,58,13,0.4101471,0.8213257,-0.33686435
58,58,14,1.2506443,1.4619662,-1.5007733
58,58,15,1.213556,1.1879762,-1.4416758
58,58,16,1.162334,1.2030641,-1.3948008
58,58,17,1.0164448,1.2435715,-1.2197338
58,58,18,1.6704416,1.4760344,-2.00453
58,58,19,1.2868124,1.2416482,-1.544175
58,58,20,0.9811411,1.6876667,-1.1773694
58,58,21,0.6905964,1.1395499,-0.786969
58,58,22,0.31043068,2.9838376,-0.3725168
58,58,23,0.5451477,1.7857888,-0.6541773
58,58,24,0.12835184,0.9361465,-0.120156124
58,58,25,-0.15907036,0.9597157,0.15266232
58,58,26,-0.10839772,1.3594358,0.14735974
58,58,27,0.076509535,1.1611499,-0.08883904
58,58,28,-0.16495204,2.330242,0.38437817
58,58,29,-0.91960245,0.6000263,0.73568195
58,58,30,-1.113986,0.28968126,0.8911888
58,58,31,-1.6648482,0.16576163,1.3318785
58,58,32,-2.199305,0.45620438,1.7594441
58,58,33,-2.7167525,0.7817442,2.173402
58,58,34,-2.0559905,0.7908837,1.6447924
58,58,35,-0.9029275,0.9859166,0.8902112
58,58,36,-1.2332401,0.62681913,0.9865921
58,58,37,-0.4582648,0.40060812,0.36661184
58,58,38,-0.35099927,0.8270991,0.29031116
58,58,39,-0.89813286,0.21472281,0.7185063
59,59,0,1.0073932,1.2096493,-1.208872
59,59,1,-0.24576092,0.8851646,0.21753886
59,59,2,0.5243785,1.3120142,-0.6292542
59,59,3,0.63191855,0.8617547,-0.54455876
59,59,4,0.34579352,1.017041,-0.35168618
59,59,5,-0.85212994,0.80757964,0.6881628
59,59,6,-0.05048931,0.95294285,0.048113428
59,59,7,0.4027197,0.95574695,-0.38489813
59,59,8,0.77863336,1.011396,-0.7875067
59,59,9,1.0116631,1.2079548,-1.2139957
59,59,10,0.7382848,0.9383028,-0.6927347
59,59,11,1.1614203,0.8257313,-0.9590211
59,59,12,2.128747,1.1061256,-2.3546615
59,59,13,1.9370096,1.1404593,-2.2090807
59,59,14,0.9355507,1.2470031,-1.1226609
59,59,15,0.75536937,1.2055322,-0.9064433
59,59,16,0.020624973,0.8209741,-0.01693257
59,59,17,-0.71427846,0.9989258,0.71351117
59,59,18,0.068024166,1.0381896,-0.07062198
59,59,19,1.0468702,1.1673017,-1.2220134
59,59,20,-0.18444802,1.0821496,0.19960035
59,59,21,0.17881282,1.3029132,-0.2145754
59,59,22,0.9205136,1.0618714,-0.97746706
59,59,23,0.95911705,0.81667376,-0.78328574
59,59,24,1.0209097,1.2101686,-1.2250917
59,59,25,0.15979089,0.9989201,-0.15961833
59,59,26,-0.34442717,0.9933344,0.34213135
59,59,27,-0.23739766,0.83677286,0.19864792
59,59,28,-0.6686706,0.7989577,0.5349365
59,59,29,-0.67069095,0.80112725,0.5373088
59,59,30,-0.80239636,0.6841679,0.6419171
59,59,31,-0.77045834,0.80101323,0.6171473
59,59,32,-0.8693953,0.96195847,0.8363222
59,59,33,-1.4173355,1.2574492,1.7822273
59,59,34,-1.3441247,0.8187463,1.1004971
59,59,35,-1.4319428,0.84542865,1.2106055
59,59,36,-1.5827842,0.79073906,1.2662274
59,59,37,-1.6153893,0.39187312,1.2923115
59,59,38,-1.722805,0.7851051,1.378244
59,59,39,-1.2086179,0.62172765,0.9668943
60,60,0,2.4829502,1.2255449,-2.9795403
60,60,1,1.6650097,1.0888573,-1.812958
60,60,2,1.7928652,1.2158134,-2.1514382
60,60,3,0.67237425,1.1509576,-0.7738742
60,60,4,0.48076305,0.7895912,-0.37960628
60,60,5,-0.30226043,1.1196153,0.3384154
60,60,6,-0.5420764,0.826032,0.44777244
60,60,7,-0.25629202,0.6898355,0.20503362
60,60,8,-0.15500039,0.82467437,0.12782484
60,60,9,0.5701395,1.1955411,-0.68162525
60,60,10,-0.16938488,0.6904825,0.13550791
60,60,11,0.7600211,1.2282375,-0.91202533
60,60,12,0.7549059,1.4078778,-0.90588707
60,60,13,0.9792929,1.1246353,-1.1013474
60,60,14,1.1247177,1.2380265,-1.3496614
60,60,15,0.9043899,0.96934414,-0.87666506
60,60,16,0.41275537,0.91008365,-0.3756419
60,60,17,0.4008261,0.9583566,-0.38413435
60,60,18,-0.45559442,0.9155185,0.41710514
60,60,19,0.80080277,1.228022,-0.96096337
60,60,20,0.29769775,0.6925737,-0.20617764
60,60,21,-0.1443281,1.1354597,0.16387874
60,60,22,-0.5906051,0.80357814,0.47459733
60,60,23,0.4436706,0.89383006,-0.39656612
60,60,24,0.31782398,1.1849031,-0.37659064
60,60,25,0.29991025,1.2685778,-0.3598923
60,60,26,-0.22460464,0.9715139,0.21820654
60,60,27,-1.6276127,0.700634,1.3020902
60,60,28,-1.2620697,0.80547094,1.0165604
60,60,29,-1.4014007,0.80138326,1.123059
60,60,30,-0.010056346,1.0467577,0.010526557
60,60,31,-0.21709394,0.857731,0.1862082
60,60,32,-0.89323264,0.7895796,0.71458614
60,60,33,-0.82966053,1.053008,0.87363917
60,60,34,0.35392004,0.9307847,-0.32942337
60,60,35,-0.04716007,0.9647725,0.04549874
60,60,36,-0.88081264,0.7376235,0.7046501
60,60,37,-1.4150935,0.51348233,1.1320748
60,60,38,-1.872902,0.7269645,1.4983217
60,60,39,-2.2175956,0.80136335,1.7770998
61,61,0,0.10301706,0.7375046,-0.07597556
61,61,1,2.307683,1.253175,-2.7692196
61,61,2,1.9809778,1.2233068,-2.3771734
61,61,3,1.1429101,1.0758405,-1.229589
61,61,4,1.3357314,1.6301923,-1.6028777
61,61,5,1.0582078,0.6285509,-0.6651374
61,61,6,1.0011638,1.2235903,-1.2013967
61,61,7,1.071485,1.2959166,-1.2857821
61,61,8,0.98448175,1.0163147,-1.0005434
61,61,9,1.2042993,1.1468501,-1.3811508
61,61,10,0.5987494,1.3707823,-0.7184993
61,61,11,0.34620118,1.4966264,-0.41544142
61,61,12,-0.3582916,0.86411166,0.30960396
61,61,13,0.3314318,1.18579,-0.3930085
61,61,14,0.38064918,1.3311499,-0.45677903
61,61,15,0.07298653,1.1474682,-0.08374972
61,61,16,-0.2618601,0.8726756,0.22851892
61,61,17,-0.30504113,1.0101024,0.30812278
61,61,18,-0.55073816,0.88643473,0.48819342
61,61,19,-0.9111448,0.77869976,0.72891587
61,61,20,-0.9315476,0.7043512,0.74523807
61,61,21,-0.5954835,0.81289345,0.4840646
61,61,22,0.6328634,1.2064042,-0.75943613
61,61,23,0.3760319,1.019033,-0.3831889
61,61,24,0.0007020972,1.0938385,-0.00076798094
61,61,25,-0.5521111,1.0202065,0.5632673
61,61,26,-0.63236874,0.7355881,0.505895
61,61,27,-0.71276623,0.9159929,0.65288883
61,61,28,-0.55636495,1.4293556,0.7952434
61,61,29,-0.97976553,0.6824534,0.78381246
61,61,30,-2.0988543,0.7754235,1.6790835
61,61,31,-1.70065,0.7326399,1.36052
61,61,32,-1.5911644,0.7911183,1.2729315
61,61,33,-1.3080031,0.38550788,1.0464025
61,61,34,-0.9299728,0.7848108,0.74397826
61,61,35,-1.165349,0.8115364,0.9457231
61,61,36,0.07434478,1.1539979,-0.08579372
61,61,37,0.781978,1.2447884,-0.9383736
61,61,38,0.41004336,1.1527233,-0.47266653
61,61,39,-0.05445866,0.897383,0.048870273
62,62,0,2.613474,1.2597924,-3.1361687
62,62,1,2.1486197,1.1985577,-2.5752447
62,62,2,2.1781328,1.2099718,-2.6137595
62,62,3,1.4265484,1.7252904,-1.7118582
62,62,4,1.3517661,1.1847788,-1.6015438
62,62,5,1.1596693,1.3523775,-1.3916032
62,62,6,1.0798156,0.9714903,-1.0490304
62,62,7,0.7226601,1.2131654,-0.8671922
62,62,8,1.1605198,1.8255965,-1.3926239
62,62,9,0.8714199,1.1931037,-1.0396943
62,62,10,0.37495106,1.1106418,-0.41643634
62,62,11,0.13783053,0.9629392,-0.13272242
62,62,12,-0.190459,0.7056037,0.1523672
62,62,13,-0.15395048,0.89574605,0.13790053
62,62,14,-0.7965436,0.9363536,0.7458465
62,62,15,-0.92467993,0.82135665,0.75949204
62,62,16,-0.38064733,0.9712629,0.36970863
62,62,17,-0.5787676,0.7573601,0.4630141
62,62,18,-0.9676693,0.7664641,0.7741355
62,62,19,-0.09876367,0.8446139,0.08341717
62,62,20,-0.41303056,0.93793017,0.38739383
62,62,21,-0.71361125,0.4286868,0.570889
62,62,22,0.0838675,0.9775577,-0.08198532
62,62,23,-0.38940093,0.37053165,0.31152076
62,62,24,-0.77146125,0.63931674,0.617169
62,62,25,0.04457,0.8910735,-0.039715145
62,62,26,-0.0049478714,0.714356,0.0039582974
62,62,27,-0.2603229,1.7871671,0.4652405
62,62,28,-0.33499068,0.35181642,0.26799256
62,62,29,-0.31582406,0.74303204,0.25265926
62,62,30,-1.1357772,0.19719572,0.9086218
62,62,31,-1.0818299,0.02175817,0.8654639
62,62,32,-1.3492004,0.77054787,1.0793604
62,62,33,-1.2553384,0.71801114,1.0042708
62,62,34,-0.9433188,0.124830596,0.75465506
62,62,35,-0.7879593,0.054620225,0.63036746
62,62,36,-1.0639194,0.7857639,0.85113555
62,62,37,-0.6171353,0.66426295,0.49370822
62,62,38,-0.08731147,0.69267845,0.06984918
62,62,39,0.26301488,1.2121501,-0.31561786
63,63,0,0.9909984,0.9962821,-0.9873139
63,63,1,1.4006529,1.189994,-1.6667686
63,63,2,1.3955351,1.1599982,-1.6188182
63,63,3,0.5765298,1.1820358,-0.68147886
63,63,4,0.48952138,1.1626219,-0.5691283
63,63,5,0.60990775,1.3095591,-0.7318893
63,63,6,0.5118468,1.3051268,-0.61421615
63,63,7,0.2653445,2.1177754,-0.3184134
63,63,8,0.023904221,1.2919856,-0.028685067
63,63,9,0.28837594,1.417178,-0.34605116
63,63,10,-0.13154553,0.70428205,0.105236426
63,63,11,-0.028796606,0.6951896,0.023037285
63,63,12,0.85801977,1.1339246,-0.9729297
63,63,13,0.6888069,1.2095121,-0.8265683
63,63,14,0.8262434,1.0687138,-0.8830177
63,63,15,1.8747543,1.1977688,-2.2455223
63,63,16,2.1007342,1.2277802,-2.5208812
63,63,17,1.4444246,1.2392033,-1.7333096
63,63,18,0.9701619,1.456338,-1.1641943
63,63,19,0.14567286,0.9690054,-0.14115779
63,63,20,0.3873369,0.9665075,-0.37436402
63,63,21,0.036358703,1.0140005,-0.036867745
63,63,22,0.07217386,0.80034184,-0.057763763
63,63,23,-0.12279357,0.849681,0.10433537
63,63,24,0.04465279,0.8227266,-0.03673704
63,63,25,-0.06757873,0.4258918,0.05406299
63,63,26,-0.4599675,0.7582024,0.367974
63,63,27,-0.7399189,0.40003604,0.5919351
63,63,28,-0.8035925,0.65800196,0.642874
63,63,29,-1.026462,0.50233656,0.82116956
63,63,30,-1.4936818,0.9664819,1.4436164
63,63,31,-1.684851,0.49388954,1.3478808
63,63,32,-1.5040604,0.7728691,1.2032484
63,63,33,-1.4482541,0.7202943,1.1586033
63,63,34,-1.0809008,0.84726566,0.9158101
63,63,35,-0.58928967,0.71004325,0.47143173
63,63,36,-0.7013308,0.77656174,0.56106466
63,63,37,-1.1024557,0.5735506,0.8819646
63,63,38,-1.6127613,0.5869167,1.290209
63,63,39,-1.4037176,0.5843633,1.1229742
64,64,0,-2.2658405,0.63528746,1.8126725
64,64,1,-2.1426806,0.5206558,1.7141446
64,64,2,-1.636705,0.8027126,1.3138038
64,64,3,-1.000368,0.6952403,0.8002944
64,64,4,-0.9675248,0.91341954,0.8837561
64,64,5,-1.2167196,0.82104886,0.99898624
64,64,6,-0.85859853,0.8675739,0.74489766
64,64,7,-0.9672919,1.0517175,1.0173178
64,64,8,-1.1675829,0.59883124,0.9340663
64,64,9,-0.023002205,1.0793035,0.02482636
64,64,10,0.18022017,0.6607432,-0.11907925
64,64,11,0.04684488,1.2407161,-0.05621386
64,64,12,0.66681087,1.8154138,-0.8001731
64,64,13,0.100054756,1.0870291,-0.10876243
64,64,14,0.50339335,1.0003285,-0.50355875
64,64,15,-0.2993896,0.9210315,0.27574724
64,64,16,0.80521095,1.4644032,-0.96625316
64,64,17,1.2368947,0.6410989,-0.79297185
64,64,18,1.0330151,1.096275,-1.1324686
64,64,19,1.0777464,1.7898015,-1.2932957
64,64,20,0.98901224,1.1343465,-1.1218826
64,64,21,0.36231795,1.3022709,-0.43478155
64,64,22,0.41297734,1.4004958,-0.49557284
64,64,23,0.053840946,0.7827811,-0.042145677
64,64,24,-0.6680718,0.60936785,0.53445745
64,64,25,0.23479928,0.9040401,-0.21226797
64,64,26,-0.3183362,0.9366189,0.2981597
64,64,27,-0.17236441,1.3666034,0.23555379
64,64,28,-0.014907525,0.87368155,0.01302443
64,64,29,-1.0487655,0.9722883,1.0197024
64,64,30,-0.8539433,0.8335837,0.71183324
64,64,31,-0.55001706,0.7831108,0.44001365
64,64,32,0.27533105,0.54273736,-0.14943245
64,64,33,0.66427577,0.8019524,-0.5327176
64,64,34,1.0552715,1.2154213,-1.2663258
64,64,35,1.5962632,1.1432182,-1.824877
64,64,36,1.6363631,1.1889731,-1.9455917
64,64,37,0.5995025,1.2951202,-0.719403
64,64,38,1.5947474,1.2572894,-1.913697
64,64,39,1.0472085,1.0415416,-1.0907112
65,65,0,1.2427135,0.98556685,-1.2247772
65,65,1,1.4214611,1.0752587,-1.5284384
65,65,2,0.9376037,1.1611786,-1.0887253
65,65,3,0.682415,1.3827631,-0.818898
65,65,4,0.37147415,1.1165737,-0.41477826
65,65,5,0.58835274,0.80154794,-0.47159293
65,65,6,0.81855655,1.1614937,-0.95074826
65,65,7,-0.12879239,0.7231803,0.103033915
65,65,8,-0.023362335,1.444373,0.033743925
65,65,9,0.07303992,0.6970238,-0.050910562
65,65,10,-0.42756993,0.83274186,0.35605538
65,65,11,-0.3215505,0.70202184,0.25724038
65,65,12,-0.10776737,0.7197745,0.0862139
65,65,13,0.26179105,1.0239916,-0.26807183
65,65,14,1.1525836,1.186875,-1.3679726
65,65,15,1.3994248,1.1984338,-1.677118
65,65,16,1.5406948,1.1668901,-1.7978216
65,65,17,1.2310312,1.2165879,-1.4772375
65,65,18,0.8881913,0.93626034,-0.83157825
65,65,19,0.30213502,0.5943856,-0.17958471
65,65,20,0.29516587,1.0259657,-0.30283004
65,65,21,0.16689871,1.2067682,-0.20027846
65,65,22,0.16605245,1.1139854,-0.18498
65,65,23,0.74957204,0.79762846,-0.59788
65,65,24,1.0869331,1.3702254,-1.3043199
65,65,25,0.67486364,0.93685114,-0.6322468
65,65,26,0.10907807,0.81821495,-0.08924931
65,65,27,-0.08423849,1.4010522,0.11802253
65,65,28,-0.17802867,0.9027198,0.16071
65,65,29,-0.32399035,0.6097262,0.2591923
65,65,30,-1.1820934,0.8183687,0.9673882
65,65,31,-1.3468194,0.7835149,1.0774555
65,65,32,-1.3739474,0.8075122,1.1094793
65,65,33,-1.0980462,0.63005155,0.878437
65,65,34,-1.2396994,0.7842083,0.9917595
65,65,35,-1.5717316,0.7909056,1.2573853
65,65,36,-2.000143,0.7888288,1.6001145
65,65,37,-1.546899,0.5312971,1.2375191
65,65,38,-1.8780596,0.39040977,1.5024477
65,65,39,-1.3272929,0.700306,1.0618343
66,66,0,-1.389817,0.53986895,1.1118536
66,66,1,-1.6185544,0.69252884,1.2948436
66,66,2,-0.83737576,0.9577182,0.80197
66,66,3,-0.7522727,0.9125463,0.6864837
66,66,4,-1.1594565,0.7938037,0.9275652
66,66,5,-1.6890942,0.8869897,1.4982091
66,66,6,-0.85861087,0.9980428,0.85693043
66,66,7,-1.3730164,0.8618231,1.1832972
66,66,8,-0.9479676,0.6891654,0.7583741
66,66,9,-0.48714226,1.1589944,0.56459516
66,66,10,0.0027625423,1.1329342,-0.0031297787
66,66,11,0.18776587,0.7057888,-0.13252304
66,66,12,-0.61527735,1.4598109,0.89818853
66,66,13,-0.46084952,1.4015961,0.64592487
66,66,14,-0.51306176,0.5276793,0.41044942
66,66,15,-0.89536303,0.68976116,0.7162904
66,66,16,-0.42844516,0.8077448,0.34607434
66,66,17,-0.50514257,0.7750417,0.40411407
66,66,18,0.0034507534,1.0626061,-0.0036667916
66,66,19,0.55379516,1.2995694,-0.66455424
66,66,20,-0.014248342,0.7911715,0.011398674
66,66,21,0.11302641,1.6268944,-0.1356317
66,66,22,-0.21494883,1.0256852,0.22046983
66,66,23,-0.3248902,0.47413373,0.25991216
66,66,24,-0.29134843,0.8132329,0.23693413
66,66,25,-0.47638276,0.9445293,0.44995746
66,66,26,-0.59416056,1.015232,0.6032108
66,66,27,0.457552,1.003582,-0.45919093
66,66,28,0.30746388,0.93799615,-0.28839993
66,66,29,1.0977657,1.1364433,-1.2475485
66,66,30,1.5689805,0.9454262,-1.4833553
66,66,31,1.6535995,1.2358443,-1.9843194
66,66,32,2.2913465,1.2055811,-2.749616
66,66,33,1.2349377,1.1640913,-1.4375802
66,66,34,0.740744,1.2068038,-0.8888928
66,66,35,1.4485595,0.9982663,-1.4460481
66,66,36,1.0035138,1.257007,-1.2042166
66,66,37,1.2309575,1.2064828,-1.477149
66,66,38,1.4423968,1.1956471,-1.7245976
66,66,39,1.1088122,1.2732614,-1.3305748
67,67,0,0.8267141,1.0772406,-0.89057
67,67,1,0.63979816,1.1667721,-0.74649864
67,67,2,0.561921,1.2559568,-0.6743052
67,67,3,0.08460507,0.71265864,-0.06029453
67,67,4,0.14357631,0.8877388,-0.12745826
67,67,5,0.57179165,1.1675285,-0.66758305
67,67,6,0.50029194,1.0389751,-0.5197909
67,67,7,0.92283934,1.2023025,-1.1074072
67,67,8,0.7046213,1.5476388,-0.8455456
67,67,9,1.3157628,1.2651622,-1.5789154
67,67,10,1.7332451,1.1984046,-2.077129
67,67,11,0.80565226,0.97503686,-0.78554064
67,67,12,0.49471644,0.95454705,-0.4722301
67,67,13,1.3599873,1.1440034,-1.55583
67,67,14,1.1364146,1.2844719,-1.3636976
67,67,15,1.2576729,1.153879,-1.4512024
67,67,16,0.80101573,0.83732885,-0.6707136
67,67,17,0.90478855,1.5674312,-1.0857463
67,67,18,0.68484926,1.1667104,-0.79902077
67,67,19,0.56702346,1.278961,-0.68042815
67,67,20,0.5278698,0.62858325,-0.33181012
67,67,21,0.38631812,1.0424081,-0.40270114
67,67,22,-0.14946486,1.0743854,0.16058287
67,67,23,-0.26310754,0.9410311,0.24759237
67,67,24,0.117953144,0.9353277,-0.110324845
67,67,25,-0.17346273,0.9722466,0.16864856
67,67,26,-0.49695712,0.97066796,0.48238036
67,67,27,-0.4595469,0.806256,0.37051243
67,67,28,-0.71348417,0.9395721,0.6703698
67,67,29,-0.97100455,0.72630024,0.7768037
67,67,30,-0.6046288,1.1820319,0.7146905
67,67,31,-1.0768993,0.4169173,0.86151946
67,67,32,-1.0441904,0.68797916,0.83535236
67,67,33,-1.3254154,0.79718244,1.0603323
67,67,34,-1.2606975,0.5521793,1.008558
67,67,35,-1.4351003,0.805373,1.155791
67,67,36,-1.8175904,0.75487345,1.4540724
67,67,37,-1.8065282,0.22890097,1.4452226
67,67,38,-1.6315116,0.5298775,1.3052093
67,67,39,-1.8198407,0.69915855,1.4558725
68,68,0,-0.055982467,1.1868647,0.066443615
68,68,1,0.53358704,1.0887371,-0.580936
68,68,2,1.173898,1.1947564,-1.4025221
68,68,3,1.0835574,0.80056095,-0.8674537
68,68,4,1.0342767,1.2452217,-1.2411321
68,68,5,0.99277043,1.1093653,-1.1013451
68,68,6,1.0669807,0.80625755,-0.86026126
68,68,7,1.223288,1.0839442,-1.325976
68,68,8,1.353488,1.3103186,-1.6241857
68,68,9,1.2796944,1.2024114,-1.5356334
68,68,10,1.0162073,0.92808104,-0.94312274
68,68,11,0.8594941,1.2360673,-1.0313929
68,68,12,0.8015502,1.1557689,-0.9264068
68,68,13,0.6866865,1.2269597,-0.82402384
68,68,14,0.799658,1.2287384,-0.95958966
68,68,15,0.37535492,0.9742287,-0.36568153
68,68,16,0.53130794,0.72768617,-0.38662544
68,68,17,0.5033017,0.99967104,-0.5031361
68,68,18,0.036846533,0.49162215,-0.018114572
68,68,19,0.026565112,0.47429585,-0.0125997225
68,68,20,-0.30869243,0.67142266,0.24695395
68,68,21,-0.24534653,0.7494598,0.19627723
68,68,22,-0.016261877,0.78334385,0.013009503
68,68,23,-0.041936196,0.7695183,0.03354896
68,68,24,-0.3219873,0.47895902,0.25758985
68,68,25,-0.37377882,0.91218257,0.3409545
68,68,26,-0.25269794,0.42878082,0.20215836
68,68,27,0.081386514,0.7448815,-0.06062331
68,68,28,-0.13430843,0.90149945,0.121078975
68,68,29,-0.18063979,0.9466437,0.17100152
68,68,30,0.22755405,1.3848292,-0.27306488
68,68,31,-0.4497134,0.775218,0.35977075
68,68,32,-1.0834572,0.49438766,0.8667658
68,68,33,-1.4574859,0.26531625,1.1659888
68,68,34,-1.6274381,0.68763494,1.3019505
68,68,35,-1.3665653,0.8113576,1.1087732
68,68,36,-1.8717093,0.7838337,1.4973675
68,68,37,-1.8113159,0.7033202,1.4490527
68,68,38,-2.2257183,0.547303,1.7805747
68,68,39,-1.8624091,0.5304826,1.4899273
69,69,0,0.853983,1.1981531,-1.0232024
69,69,1,0.9884082,1.1920124,-1.1781949
69,69,2,1.1287674,1.0840778,-1.2236717
69,69,3,1.5743245,1.1149372,-1.7552729
69,69,4,1.4742345,1.0215385,-1.5059873
69,69,5,1.4941958,0.9735242,-1.4546359
69,69,6,1.7827358,1.2055115,-2.1392832
69,69,7,1.0889691,1.212146,-1.3067629
69,69,8,0.2575308,0.828543,-0.21337534
69,69,9,0.65251976,1.1947074,-0.77957016
69,69,10,0.79332757,1.2005689,-0.9519931
69,69,11,1.0607619,1.3511882,-1.2729144
69,69,12,0.80967164,1.0788738,-0.8735335
69,69,13,0.78017294,1.0989819,-0.8573959
69,69,14,0.39363712,0.8911904,-0.35080564
69,69,15,0.7526172,1.2287021,-0.90314066
69,69,16,0.52151215,1.0969714,-0.5720839
69,69,17,0.4255543,1.0384352,-0.44191056
69,69,18,0.5296697,0.955149,-0.5059135
69,69,19,0.21335724,1.3114438,-0.2560287
69,69,20,-0.16163447,1.4926798,0.24126852
69,69,21,-0.38960713,0.7976566,0.3116857
69,69,22,-0.3855501,1.3332043,0.51401705
69,69,23,-0.4124978,1.3869902,0.5721304
69,69,24,-0.42152235,1.11036,0.46804157
69,69,25,-0.32456565,0.66816115,0.25965253
69,69,26,-0.47838616,0.789167,0.38270894
69,69,27,-0.8004833,0.7723614,0.64038664
69,69,28,-0.73575276,0.5316168,0.58860224
69,69,29,-0.86381423,0.773248,0.6910514
69,69,30,-0.8329922,0.80005336,0.6664382
69,69,31,-1.1411105,0.63803154,0.91288847
69,69,32,-1.2251148,0.60174406,0.98009187
69,69,33,-1.1351107,0.9027004,1.024665
69,69,34,-1.5605676,0.35818157,1.2484541
69,69,35,-1.4700979,0.68975425,1.1760783
69,69,36,-1.6356978,0.7955136,1.3085583
69,69,37,-1.5929161,0.74785125,1.2743329
69,69,38,-1.3289789,0.5847736,1.0631832
69,69,39,-0.679551,0.6583202,0.5436408
70,70,0,1.1529732,1.2936414,-1.3835678
70,70,1,-0.14519086,0.97143006,0.14104277
70,70,2,0.560336,0.89827645,-0.5033366
70,70,3,1.4924718,1.2049891,-1.7909663
70,70,4,1.1576984,1.568104,-1.3892381
70,70,5,0.48553407,1.5405462,-0.5826409
70,70,6,1.4908724,1.1210946,-1.671409
70,70,7,0.7814026,0.66310215,-0.51814973
70,70,8,-0.14990981,0.9855199,0.1477391
70,70,9,0.5525254,0.8748255,-0.4833633
70,70,10,1.2959229,0.96683615,-1.2529451
70,70,11,1.8646886,1.2022502,-2.2376266
70,70,12,1.3561938,1.1739109,-1.5920506
70,70,13,0.6988744,1.1678587,-0.8161866
70,70,14,-0.5937623,0.87122375,0.5172998
70,70,15,-0.45728928,1.1745358,0.5371026
70,70,16,-1.2945504,0.716164,1.0356404
70,70,17,-0.9232986,1.0392877,0.95957285
70,70,18,-0.899802,0.7731964,0.71984166
70,70,19,-0.8255304,0.9605142,0.79293364
70,70,20,-1.1647533,0.9541434,1.1113417
70,70,21,-0.7339634,1.1254233,0.82601947
70,70,22,-1.0928392,1.0936335,1.1951656
70,70,23,-1.4497186,0.94006413,1.3628285
70,70,24,-0.923304,0.9090918,0.8393681
70,70,25,-0.88939863,0.8000835,0.7115932
70,70,26,-0.53640515,1.0517968,0.5641892
70,70,27,-0.90183693,0.6664953,0.7214696
70,70,28,0.29927495,1.3122983,-0.35912997
70,70,29,-1.3780508,0.9619314,1.3255904
70,70,30,-1.90529,0.7985818,1.524232
70,70,31,-0.51561826,0.94478625,0.48714906
70,70,32,-0.861948,1.0535898,0.90813965
70,70,33,0.824045,1.2587752,-0.98885405
70,70,34,0.61955243,0.8690773,-0.538439
70,70,35,0.41385183,1.358072,-0.4966222
70,70,36,0.48859575,1.2225673,-0.5863149
70,70,37,1.1387489,0.9543932,-1.0868142
70,70,38,0.98608536,1.1968633,-1.1802094
70,70,39,-0.017188523,0.9536799,0.016392348
71,71,0,-0.31103852,0.8838032,0.27489683
71,71,1,0.5128904,1.1809398,-0.6056927
71,71,2,-0.32578248,0.66346174,0.260626
71,71,3,-0.28220344,1.0827653,0.3055601
71,71,4,-0.75528264,0.91697794,0.69257754
71,71,5,-1.0177013,1.04925,1.067823
71,71,6,-0.816215,0.9656424,0.78817177
71,71,7,-0.2698247,1.1373904,0.30689603
71,71,8,-0.037536472,0.58404297,0.030029178
71,71,9,0.64029473,0.91280913,-0.5844669
71,71,10,1.6029093,1.17076,-1.8766222
71,71,11,1.8120347,1.0671992,-1.933802
71,71,12,1.2812903,1.0518038,-1.347666
71,71,13,1.312314,1.1177211,-1.466801
71,71,14,2.0790665,1.201735,-2.49488
71,71,15,2.1215537,1.4562671,-2.5458646
71,71,16,1.404255,1.1623757,-1.6322719
71,71,17,1.208975,0.91085255,-1.101198
71,71,18,0.33072555,1.0802127,-0.35725394
71,71,19,0.9040247,0.96067864,-0.8684772
71,71,20,0.2590599,0.9883016,-0.2560293
71,71,21,0.33072132,1.0168359,-0.33628932
71,71,22,0.33260474,0.99694175,-0.33158755
71,71,23,-0.12990956,1.0517793,0.13663618
71,71,24,0.0013194659,0.8068837,-0.0010646555
71,71,25,-0.41119343,0.7489154,0.32895476
71,71,26,-0.023038534,0.7707303,0.018430827
71,71,27,0.11334507,1.250539,-0.13601409
71,71,28,-0.58077824,0.68478477,0.4646226
71,71,29,-1.0794758,0.948812,1.0242195
71,71,30,-0.5309437,0.9084868,0.48235533
71,71,31,-0.8424333,0.73856354,0.6739466
71,71,32,-0.60571647,1.1453112,0.6937339
71,71,33,-0.9024944,0.838378,0.75663143
71,71,34,-1.159911,0.94020355,1.0905524
71,71,35,-1.0863639,0.809468,0.87937677
71,71,36,-1.1758479,0.72087425,0.9406783
71,71,37,-1.0051725,1.287498,1.2941576
71,71,38,-1.35927,0.9603452,1.3053684
71,71,39,-1.5392517,0.792719,1.2314013
72,72,0,-0.15307342,1.0975596,0.1680072
72,72,1,-0.48300603,0.8270707,0.39948013
72,72,2,1.2492477,1.045296,-1.3058336
72,72,3,0.29204786,1.1805341,-0.34477246
72,72,4,-0.19082788,0.67547816,0.1526623
72,72,5,-0.94206715,1.0069698,0.9486332
72,72,6,-0.09769654,0.7075309,0.07815724
72,72,7,0.7068297,1.174061,-0.82986116
72,72,8,1.1082903,1.1789922,-1.3066655
72,72,9,0.02067637,1.6085539,-0.024811646
72,72,10,0.36861327,0.8739432,-0.32214707
72,72,11,1.5524105,1.2083056,-1.8628926
72,72,12,0.16485608,0.9639568,-0.15891413
72,72,13,1.2189692,1.1849246,-1.4443866
72,72,14,0.08319505,1.1316689,-0.094149254
72,72,15,0.2550447,0.6173231,-0.15744498
72,72,16,1.012277,1.2043635,-1.2147324
72,72,17,1.0662119,0.8278267,-0.8826387
72,72,18,1.565703,1.546864,-1.8788437
72,72,19,1.5716159,1.1954037,-1.8787155
72,72,20,0.97919255,1.1039758,-1.0810049
72,72,21,1.6228681,0.7503524,-1.2177229
72,72,22,-0.2650737,1.0031904,0.2659194
72,72,23,0.08733341,2.0833087,-0.1048001
72,72,24,-0.27798623,0.44476584,0.22238898
72,72,25,-0.9235551,0.7912492,0.7388441
72,72,26,-1.1123598,0.7969913,0.8898878
72,72,27,-2.0348065,0.79842603,1.6278452
72,72,28,-1.7668561,0.50451493,1.4134849
72,72,29,-1.830881,0.7937387,1.4647049
72,72,30,-1.3108041,1.0278602,1.3473233
72,72,31,-0.31215587,0.9668606,0.30181122
72,72,32,0.16447993,0.7978643,-0.13123266
72,72,33,-0.29817733,0.8491051,0.2531839
72,72,34,0.07638901,1.2040448,-0.09166681
72,72,35,-1.68503,0.7821044,1.348024
72,72,36,-1.1136817,0.70630795,0.8909454
72,72,37,0.481389,1.1840181,-0.5699733
72,72,38,-0.14221425,0.86728024,0.123339616
72,72,39,-0.70738655,1.1411045,0.8072019
73,73,0,-2.1770582,0.80182475,1.7456192
73,73,1,-1.9351571,0.7361783,1.5481256
73,73,2,-1.5667398,0.9625357,1.5080429
73,73,3,-1.4616499,0.7917731,1.16932
73,73,4,-1.0439302,1.0143411,1.0589013
73,73,5,-1.2100207,0.71941966,0.96801656
73,73,6,-1.2599672,0.9158532,1.153945
73,73,7,-0.14548199,1.6306868,0.23723555
73,73,8,0.857011,1.3527341,-1.0284133
73,73,9,1.3896714,0.99841243,-1.3874652
73,73,10,0.58243626,1.0191205,-0.59357274
73,73,11,0.29831252,0.85347694,-0.25460285
73,73,12,-0.11702009,0.66519135,0.093616076
73,73,13,0.644253,1.1638688,-0.74982595
73,73,14,0.82670194,1.2152225,-0.99204236
73,73,15,0.11854926,1.1924775,-0.14136732
73,73,16,0.35274404,1.1355165,-0.4005467
73,73,17,0.099698246,1.0191253,-0.101605006
73,73,18,-0.24455382,0.94920206,0.23213099
73,73,19,-0.5198213,1.0213846,0.53093743
73,73,20,-0.55097413,0.82241875,0.45313147
73,73,21,-0.3338223,0.9315942,0.31098694
73,73,22,-0.8038169,1.1148702,0.89615154
73,73,23,-0.91994447,0.7381981,0.7359556
73,73,24,-0.77751917,1.2417731,0.9655024
73,73,25,-0.75719136,0.65944916,0.6057531
73,73,26,-0.51421195,0.7287001,0.41136956
73,73,27,-0.4023166,0.90670633,0.36478302
73,73,28,-0.15341868,1.1789961,0.18088001
73,73,29,1.1233311,1.0293994,-1.1563563
73,73,30,1.4355304,1.3174834,-1.7226366
73,73,31,0.4920721,1.1479762,-0.56488705
73,73,32,0.783091,1.2560316,-0.93970925
73,73,33,1.4526806,1.212346,-1.7432168
73,73,34,1.2559721,1.173015,-1.4732741
73,73,35,1.1416461,1.2397959,-1.3699754
73,73,36,0.8208744,0.8602865,-0.7061871
73,73,37,1.4691918,1.2096516,-1.7630302
73,73,38,0.8119946,1.3506923,-0.97439355
73,73,39,0.93885326,1.1149478,-1.0467724
74,74,0,-6.1664405,0.7654747,4.9331527
74,74,1,0.15814172,0.9121475,-0.14424857
74,74,2,0.15813388,1.1184189,-0.17685993
74,74,3,0.15812598,0.8408891,-0.13296641
74,74,4,0.15811796,1.1573555,-0.1829987
74,74,5,0.1581177,1.0601426,-0.1676273
74,74,6,0.1581174,0.972006,-0.15369107
74,74,7,0.1581171,1.2847291,-0.18974052
74,74,8,0.1581168,0.80803376,-0.12776372
74,74,9,0.1581165,1.1957968,-0.18907522
74,74,10,0.1581162,1.0980215,-0.173615
74,74,11,0.15811588,1.0402783,-0.16448452
74,74,12,0.15811555,0.98554784,-0.15583044
74,74,13,0.15811525,1.183022,-0.18705383
74,74,14,0.15811495,1.142739,-0.18068413
74,74,15,0.1581146,1.458797,-0.18973753
74,74,16,0.1581143,1.0811665,-0.17094788
74,74,17,0.15811394,1.1614654,-0.18364388
74,74,18,0.15811364,1.514227,-0.18973638
74,74,19,0.15811329,1.2626599,-0.18973595
74,74,20,0.15811293,1.2009623,-0.18973552
74,74,21,0.15811263,1.246999,-0.18973516
74,74,22,0.15811227,0.95141137,-0.15042982
74,74,23,0.15811191,1.0006216,-0.15821019
74,74,24,0.15811156,0.9867048,-0.15600944
74,74,25,0.1581112,1.1176153,-0.1767075
74,74,26,0.15811084,1.4630805,-0.18973301
74,74,27,0.15811048,1.6438903,-0.1897326
74,74,28,0.15811013,0.98827755,-0.15625669
74,74,29,0.15810977,1.0930591,-0.17282331
74,74,30,0.15810935,0.79214275,-0.12524518
74,74,31,0.158109,1.2322997,-0.18973081
74,74,32,0.15810864,0.74381083,-0.117602915
74,74,33,0.15810822,1.4780782,-0.18972987
74,74,34,0.15810783,0.8225682,-0.13005447
74,74,35,0.15810744,0.98410994,-0.15559511
74,74,36,0.15810706,1.0927179,-0.1727664
74,74,37,0.15810664,1.09239,-0.1727141
74,74,38,0.15810625,1.0420681,-0.16475749
74,74,39,0.15810584,0.8469599,-0.1339093
75,75,0,1.7118212,1.2142506,-2.0541856
75,75,1,1.6000676,1.2583978,-1.9200813
75,75,2,1.5333412,1.2240793,-1.8400095
75,75,3,1.8329724,2.28736,-2.199567
75,75,4,1.4442022,1.3690805,-1.7330427
75,75,5,1.1330135,0.65202093,-0.7387485
75,75,6,1.1823226,1.2439363,-1.4187872
75,75,7,1.0869377,1.2518629,-1.3043252
75,75,8,1.5415475,1.8157238,-1.8498571
75,75,9,1.1548593,2.7642448,-1.3858312
75,75,10,0.5468626,1.7214429,-0.65623516
75,75,11,0.29394022,2.3638678,-0.35272828
75,75,12,-0.17111656,0.89778703,0.15362623
75,75,13,-0.6118056,0.7101667,0.4894445
75,75,14,-0.2868049,0.572334,0.22944394
75,75,15,-0.18079437,0.3682501,0.1446355
75,75,16,0.021069719,0.6604165,-0.013914789
75,75,17,-0.11742161,1.7257767,0.20264348
75,75,18,0.45159382,0.86205226,-0.3892975
75,75,19,0.09053298,1.0790153,-0.09768647
75,75,20,-0.1855688,1.1629345,0.21580437
75,75,21,0.35688248,1.2790561,-0.428259
75,75,22,0.41682866,1.0940341,-0.45602477
75,75,23,-0.41250187,0.8073028,0.3330139
75,75,24,-0.70184934,0.7797751,0.5614795
75,75,25,-0.6639044,0.33463475,0.5311236
75,75,26,-0.22063823,0.42464992,0.17651059
75,75,27,-0.88916034,0.77449346,0.71132827
75,75,28,-0.7293123,0.6559524,0.58344984
75,75,29,-0.86925274,0.6017492,0.6954022
75,75,30,-0.84916914,0.037075147,0.6793353
75,75,31,-1.1253943,0.51467884,0.90031546
75,75,32,-1.3412771,0.7932132,1.0730218
75,75,33,-0.8300234,0.20284879,0.66401875
75,75,34,-0.6749655,0.44796315,0.5399724
75,75,35,-0.6281633,0.7623817,0.50253063
75,75,36,-0.4378224,0.8131668,0.35602263
75,75,37,-0.58443207,0.45581254,0.46754566
75,75,38,-1.8243334,0.33165655,1.4594668
75,75,39,-2.0630844,0.5433386,1.6504675
76,76,0,0.7773658,1.2564198,-0.932839
76,76,1,1.0096568,1.2136469,-1.2115881
76,76,2,0.84264565,1.7069099,-1.0111748
76,76,3,0.7691209,0.98253655,-0.7556894
76,76,4,0.79455996,0.92340213,-0.73369837
76,76,5,1.0618196,1.6145793,-1.2741835
76,76,6,1.307558,1.0122895,-1.3236272
76,76,7,0.9991496,1.260867,-1.1989796
76,76,8,0.88894814,1.1232644,-0.99852383
76,76,9,1.0552385,0.9835385,-1.0378677
76,76,10,0.81144565,0.82485354,-0.6693238
76,76,11,0.8498635,1.5233245,-1.0198363
76,76,12,0.84327734,1.3321894,-1.0119328
76,76,13,0.5251115,1.177596,-0.61836916
76,76,14,1.2176578,1.2305508,-1.4611894
76,76,15,1.7278181,1.0634521,-1.8374518
76,76,16,1.4304866,0.95287126,-1.3630695
76,76,17,0.78769964,0.9188342,-0.7237654
76,76,18,0.26151,1.2130986,-0.31381202
76,76,19,0.14801988,0.8548805,-0.1265393
76,76,20,0.233198,0.9219652,-0.21500044
76,76,21,-0.0026353823,1.076741,0.0028376242
76,76,22,-0.02244552,1.0789808,0.024218285
76,76,23,-0.7516997,0.81381303,0.611743
76,76,24,-1.0165515,1.3712039,1.3938993
76,76,25,-1.0898623,0.9242369,1.007291
76,76,26,-1.1016004,0.84810317,0.9342708
76,76,27,-1.0323209,0.70224166,0.8258567
76,76,28,-1.0218033,0.42277357,0.8174426
76,76,29,-1.0443046,0.9140256,0.9545212
76,76,30,-1.0427116,0.90299726,0.94156575
76,76,31,-1.171823,0.73731244,0.93745846
76,76,32,-1.1257241,0.84721273,0.9537278
76,76,33,-1.2663953,0.7680966,1.0131162
76,76,34,-1.2067368,0.6979005,0.96538943
76,76,35,-1.2228359,0.43845642,0.97826874
76,76,36,-1.0549657,0.7870749,0.8439726
76,76,37,-0.9522135,0.79151374,0.76177084
76,76,38,-1.3309029,0.9188916,1.2229556
76,76,39,-0.8846134,0.779403,0.7076907
77,77,0,-0.4200825,0.06385761,0.336066
77,77,1,-0.6997002,0.033990774,0.55976015
77,77,2,-0.39123926,0.17830047,0.3129914
77,77,3,-0.17746781,0.49164793,0.14197426
77,77,4,-0.38682342,0.7130009,0.30945873
77,77,5,-0.7030409,0.54302186,0.5624327
77,77,6,-1.1563085,0.74722815,0.92504686
77,77,7,-0.9005062,0.16892213,0.720405
77,77,8,-1.0248299,0.6038098,0.8198639
77,77,9,-1.1576738,0.15823792,0.92613906
77,77,10,-0.9509136,0.5715137,0.7607309
77,77,11,-0.90981084,0.49651957,0.7278487
77,77,12,-1.0939102,0.3186111,0.8751282
77,77,13,-0.9159311,0.35301003,0.7327449
77,77,14,-0.9706523,0.32667837,0.77652186
77,77,15,-1.0011935,0.7316415,0.8009548
77,77,16,-1.0972524,0.44719055,0.8778019
77,77,17,-0.87113464,0.19119492,0.6969077
77,77,18,-1.4299241,0.5156098,1.1439394
77,77,19,-0.5547282,0.80451477,0.44628704
77,77,20,-0.7458891,0.41033578,0.59671134
77,77,21,-0.5161962,0.59379953,0.41295695
77,77,22,-0.1464291,1.3053397,0.19113973
77,77,23,0.83756286,1.2450317,-1.0050755
77,77,24,1.3129306,0.9979764,-1.3102738
77,77,25,1.4132577,1.1882952,-1.6793674
77,77,26,1.3998166,1.1919305,-1.6684842
77,77,27,1.7648479,1.3845459,-2.1178176
77,77,28,0.77273273,0.84180176,-0.6504878
77,77,29,0.88883626,1.2402394,-1.0666035
77,77,30,0.6110128,0.75500804,-0.4613196
77,77,31,0.6728449,1.2224106,-0.8074139
77,77,32,1.4317257,1.1011152,-1.576495
77,77,33,1.4347328,1.2225865,-1.7216794
77,77,34,1.367633,1.2582526,-1.6411597
77,77,35,1.2870231,0.9417821,-1.2120953
77,77,36,1.2165431,1.0782797,-1.3117738
77,77,37,0.92596835,0.9562363,-0.8854445
77,77,38,0.5470401,1.2451843,-0.6564481
77,77,39,0.33712944,1.0607848,-0.3576218
78,78,0,0.08935828,1.4178858,-0.10722994
78,78,1,-0.3674261,1.127056,0.4141098
78,78,2,0.22924653,1.0860362,-0.24897003
78,78,3,-0.27267858,1.1898284,0.32444072
78,78,4,0.0646142,0.84689647,-0.054721538
78,78,5,1.2613705,1.2040876,-1.5136447
78,78,6,0.3830618,1.0628146,-0.40712366
78,78,7,0.40150806,1.6626874,-0.4818097
78,78,8,-1.0009705,0.41868567,0.8007764
78,78,9,-1.1577603,0.3672104,0.9262082
78,78,10,-0.8938392,0.76327616,0.7150714
78,78,11,-0.47298586,0.9080883,0.42951295
78,78,12,1.1769083,1.007086,-1.1852479
78,78,13,1.2037258,1.1893893,-1.4316987
78,78,14,1.7114465,1.0810382,-1.8501391
78,78,15,0.87647384,0.86189276,-0.75542647
78,78,16,1.483259,0.9672655,-1.4347053
78,78,17,1.3395631,1.1885366,-1.5921198
78,78,18,1.3031336,1.0602676,-1.3816704
78,78,19,0.69602954,1.0359015,-0.7210181
78,78,20,0.43143734,1.0871224,-0.46902522
78,78,21,1.1634579,1.1142409,-1.2963723
78,78,22,0.53934205,0.9237073,-0.4981942
78,78,23,0.82847863,1.0029722,-0.8309411
78,78,24,0.11082491,0.70147276,-0.077740654
78,78,25,0.19229296,0.9659192,-0.18573946
78,78,26,0.5079269,0.9172515,-0.4658967
78,78,27,0.124545395,1.1076119,-0.13794796
78,78,28,-0.26813662,1.1331798,0.303847
78,78,29,-0.25276536,0.8771228,0.22170626
78,78,30,-0.56441176,0.91377854,0.51574737
78,78,31,-1.3830159,1.1003746,1.5218356
78,78,32,-1.4193265,0.8123084,1.1529309
78,78,33,0.08877908,0.8743409,-0.07762317
78,78,34,-0.08043145,0.9506887,0.07646527
78,78,35,-1.2031708,0.8007589,0.9634497
78,78,36,-1.3696364,0.8029419,1.0997385
78,78,37,-1.8267998,0.89958256,1.6433572
78,78,38,-1.6021907,0.6205512,1.2817526
78,78,39,-2.0712368,0.7620655,1.6569895
79,79,0,1.2259938,1.1863233,-1.454425
79,79,1,1.1027431,1.6028537,-1.3232918
79,79,2,1.0627546,1.2092941,-1.2753056
79,79,3,1.6125242,1.236804,-1.935029
79,79,4,1.5270998,1.1931258,-1.8220223
79,79,5,1.2011448,1.2143756,-1.4413738
79,79,6,1.0698755,0.6613771,-0.7075911
79,79,7,0.8378573,1.2742736,-1.0054288
79,79,8,1.0107927,1.2143989,-1.2129513
79,79,9,0.72952425,0.9394355,-0.68534094
79,79,10,-0.21279365,0.7244553,0.17023492
79,79,11,0.008996269,1.3820361,-0.0107955225
79,79,12,0.18851624,1.0167391,-0.19167185
79,79,13,0.16899738,0.8973539,-0.15165046
79,79,14,1.1733602,1.179564,-1.3840535
79,79,15,0.5843751,1.1781161,-0.68846166
79,79,16,0.6355311,1.7873981,-0.7626374
79,79,17,0.091998935,0.77640843,-0.071428746
79,79,18,0.54739827,1.1396445,-0.62383944
79,79,19,0.65545195,1.4508747,-0.78654236
79,79,20,-0.1594748,0.40614313,0.12757985
79,79,21,-1.1979228,0.6964723,0.95833826
79,79,22,-1.265882,0.7921817,1.0127057
79,79,23,-1.7026073,0.618399,1.3620858
79,79,24,-1.5921605,0.19307415,1.2737284
79,79,25,-1.4378783,0.55060196,1.1503026
79,79,26,-1.1620615,0.88019097,1.022836
79,79,27,-1.0610785,0.7567114,0.8488628
79,79,28,-1.0686148,0.47108892,0.8548919
79,79,29,-0.35718566,0.51580924,0.28574854
79,79,30,-0.82955605,0.21929868,0.66364485
79,79,31,-0.7736873,0.12926506,0.61894983
79,79,32,-0.47202405,0.84886867,0.40068644
79,79,33,-0.7398147,0.7774302,0.5918518
79,79,34,-1.3507209,0.45417258,1.0805768
79,79,35,-1.309992,0.4741023,1.0479935
79,79,36,-0.8411304,0.8059039,0.6778703
79,79,37,0.42392987,0.1396454,-0.059199855
79,79,38,0.5154991,1.2188194,-0.61859894
79,79,39,1.1602198,1.3259021,-1.3922638
80,80,0,1.6483835,1.2013065,-1.9780602
80,80,1,1.5888652,1.148297,-1.824489
80,80,2,1.3077286,1.0038794,-1.3128018
80,80,3,1.1471682,1.5402488,-1.3766018
80,80,4,0.94790524,1.0325506,-0.9787601
80,80,5,0.06545974,1.2184895,-0.078551695
80,80,6,-0.033956654,1.2504317,0.042460475
80,80,7,-0.21775952,1.6684744,0.3633262
80,80,8,0.10743026,1.5542669,-0.12891631
80,80,9,-0.55035925,0.39700925,0.4402874
80,80,10,-0.15011299,0.8177707,0.12275801
80,80,11,0.685932,1.4055308,-0.8231184
80,80,12,0.16309945,0.561229,-0.09153614
80,80,13,0.01963373,1.4677322,-0.023560477
80,80,14,0.0128252385,0.83476347,-0.010706041
80,80,15,-0.59646857,0.8410571,0.50166416
80,80,16,-0.50294733,0.5624694,0.40235788
80,80,17,-1.0177796,0.8523414,0.8674957
80,80,18,-0.94776165,0.7170263,0.75820935
80,80,19,-0.2843128,0.94030577,0.267341
80,80,20,-0.84113365,0.7222495,0.67290694
80,80,21,0.3361689,1.1161265,-0.375207
80,80,22,1.2685806,1.2756464,-1.5222968
80,80,23,1.7766957,0.9676004,-1.7191315
80,80,24,1.5042976,1.4227484,-1.8051572
80,80,25,2.0130875,1.1982172,-2.412116
80,80,26,0.80330235,1.3161975,-0.96396285
80,80,27,0.52689373,0.87938255,-0.46334115
80,80,28,-0.051410783,0.8903732,0.04577478
80,80,29,-0.3469317,0.71704215,0.27754536
80,80,30,-0.5907339,0.752391,0.4725871
80,80,31,-0.18935674,0.69296587,0.1514854
80,80,32,-0.5722501,0.25541848,0.45780012
80,80,33,-0.592279,0.9324768,0.55228645
80,80,34,-1.4309618,0.85080004,1.2174624
80,80,35,-1.7844008,0.7896142,1.4275206
80,80,36,-1.2685941,0.526542,1.0148753
80,80,37,-1.707629,0.6404958,1.3661032
80,80,38,-0.9975974,0.8508341,0.8487899
80,80,39,-1.2487262,0.82529867,1.030572
